Timing Analyzer report for can_mac_pcs_fce
Mon May 18 15:02:12 2026
Quartus Prime Version 21.1.1 Build 850 06/23/2022 SJ Standard Edition


---------------------
; Table of Contents ;
---------------------
  1. Legal Notice
  2. Timing Analyzer Summary
  3. Parallel Compilation
  4. SDC File List
  5. Clocks
  6. Slow 1200mV 100C Model Fmax Summary
  7. Timing Closure Recommendations
  8. Slow 1200mV 100C Model Setup Summary
  9. Slow 1200mV 100C Model Hold Summary
 10. Slow 1200mV 100C Model Recovery Summary
 11. Slow 1200mV 100C Model Removal Summary
 12. Slow 1200mV 100C Model Minimum Pulse Width Summary
 13. Slow 1200mV 100C Model Setup: 'clk'
 14. Slow 1200mV 100C Model Hold: 'clk'
 15. Slow 1200mV 100C Model Metastability Summary
 16. Slow 1200mV -40C Model Fmax Summary
 17. Slow 1200mV -40C Model Setup Summary
 18. Slow 1200mV -40C Model Hold Summary
 19. Slow 1200mV -40C Model Recovery Summary
 20. Slow 1200mV -40C Model Removal Summary
 21. Slow 1200mV -40C Model Minimum Pulse Width Summary
 22. Slow 1200mV -40C Model Setup: 'clk'
 23. Slow 1200mV -40C Model Hold: 'clk'
 24. Slow 1200mV -40C Model Metastability Summary
 25. Fast 1200mV -40C Model Setup Summary
 26. Fast 1200mV -40C Model Hold Summary
 27. Fast 1200mV -40C Model Recovery Summary
 28. Fast 1200mV -40C Model Removal Summary
 29. Fast 1200mV -40C Model Minimum Pulse Width Summary
 30. Fast 1200mV -40C Model Setup: 'clk'
 31. Fast 1200mV -40C Model Hold: 'clk'
 32. Fast 1200mV -40C Model Metastability Summary
 33. Multicorner Timing Analysis Summary
 34. Board Trace Model Assignments
 35. Input Transition Times
 36. Signal Integrity Metrics (Slow 1200mv n40c Model)
 37. Signal Integrity Metrics (Slow 1200mv 100c Model)
 38. Signal Integrity Metrics (Fast 1200mv n40c Model)
 39. Setup Transfers
 40. Hold Transfers
 41. Report TCCS
 42. Report RSKM
 43. Unconstrained Paths Summary
 44. Clock Status Summary
 45. Timing Analyzer Messages



----------------
; Legal Notice ;
----------------
Copyright (C) 2022  Intel Corporation. All rights reserved.
Your use of Intel Corporation's design tools, logic functions 
and other software and tools, and any partner logic 
functions, and any output files from any of the foregoing 
(including device programming or simulation files), and any 
associated documentation or information are expressly subject 
to the terms and conditions of the Intel Program License 
Subscription Agreement, the Intel Quartus Prime License Agreement,
the Intel FPGA IP License Agreement, or other applicable license
agreement, including, without limitation, that your use is for
the sole purpose of programming logic devices manufactured by
Intel and sold by Intel or its authorized distributors.  Please
refer to the applicable agreement for further details, at
https://fpgasoftware.intel.com/eula.



+---------------------------------------------------------------------------------+
; Timing Analyzer Summary                                                         ;
+-----------------------+---------------------------------------------------------+
; Quartus Prime Version ; Version 21.1.1 Build 850 06/23/2022 SJ Standard Edition ;
; Timing Analyzer       ; Timing Analyzer                                         ;
; Revision Name         ; can_mac_pcs_fce                                         ;
; Device Family         ; Cyclone 10 LP                                           ;
; Device Name           ; 10CL016YU256I7G                                         ;
; Timing Models         ; Final                                                   ;
; Delay Model           ; Combined                                                ;
; Rise/Fall Delays      ; Enabled                                                 ;
+-----------------------+---------------------------------------------------------+


+------------------------------------------+
; Parallel Compilation                     ;
+----------------------------+-------------+
; Processors                 ; Number      ;
+----------------------------+-------------+
; Number detected on machine ; 16          ;
; Maximum allowed            ; 16          ;
;                            ;             ;
; Average used               ; 2.04        ;
; Maximum used               ; 16          ;
;                            ;             ;
; Usage by Processor         ; % Time Used ;
;     Processor 1            ; 100.0%      ;
;     Processors 2-16        ;   6.9%      ;
+----------------------------+-------------+


+---------------------------------------------------------+
; SDC File List                                           ;
+---------------------+--------+--------------------------+
; SDC File Path       ; Status ; Read at                  ;
+---------------------+--------+--------------------------+
; can_mac_pcs_fce.sdc ; OK     ; Mon May 18 15:02:10 2026 ;
+---------------------+--------+--------------------------+


+-----------------------------------------------------------------------------------------------------------------------------------------------------------------------------------+
; Clocks                                                                                                                                                                            ;
+------------+------+--------+------------+-------+-------+------------+-----------+-------------+-------+--------+-----------+------------+----------+--------+--------+-----------+
; Clock Name ; Type ; Period ; Frequency  ; Rise  ; Fall  ; Duty Cycle ; Divide by ; Multiply by ; Phase ; Offset ; Edge List ; Edge Shift ; Inverted ; Master ; Source ; Targets   ;
+------------+------+--------+------------+-------+-------+------------+-----------+-------------+-------+--------+-----------+------------+----------+--------+--------+-----------+
; clk        ; Base ; 6.000  ; 166.67 MHz ; 0.000 ; 3.000 ;            ;           ;             ;       ;        ;           ;            ;          ;        ;        ; { clk_i } ;
+------------+------+--------+------------+-------+-------+------------+-----------+-------------+-------+--------+-----------+------------+----------+--------+--------+-----------+


+--------------------------------------------------+
; Slow 1200mV 100C Model Fmax Summary              ;
+------------+-----------------+------------+------+
; Fmax       ; Restricted Fmax ; Clock Name ; Note ;
+------------+-----------------+------------+------+
; 134.01 MHz ; 134.01 MHz      ; clk        ;      ;
+------------+-----------------+------------+------+
This panel reports FMAX for every clock in the design, regardless of the user-specified clock periods.  FMAX is only computed for paths where the source and destination registers or ports are driven by the same clock.  Paths of different clocks, including generated clocks, are ignored.  For paths between a clock and its inversion, FMAX is computed as if the rising and falling edges are scaled along with FMAX, such that the duty cycle (in terms of a percentage) is maintained. Altera recommends that you always use clock constraints and other slack reports for sign-off analysis.


----------------------------------
; Timing Closure Recommendations ;
----------------------------------
HTML report is unavailable in plain text report export.


+--------------------------------------+
; Slow 1200mV 100C Model Setup Summary ;
+-------+--------+---------------------+
; Clock ; Slack  ; End Point TNS       ;
+-------+--------+---------------------+
; clk   ; -1.462 ; -297.828            ;
+-------+--------+---------------------+


+-------------------------------------+
; Slow 1200mV 100C Model Hold Summary ;
+-------+-------+---------------------+
; Clock ; Slack ; End Point TNS       ;
+-------+-------+---------------------+
; clk   ; 0.305 ; 0.000               ;
+-------+-------+---------------------+


-------------------------------------------
; Slow 1200mV 100C Model Recovery Summary ;
-------------------------------------------
No paths to report.


------------------------------------------
; Slow 1200mV 100C Model Removal Summary ;
------------------------------------------
No paths to report.


+----------------------------------------------------+
; Slow 1200mV 100C Model Minimum Pulse Width Summary ;
+-------+-------+------------------------------------+
; Clock ; Slack ; End Point TNS                      ;
+-------+-------+------------------------------------+
; clk   ; 2.679 ; 0.000                              ;
+-------+-------+------------------------------------+


+---------------------------------------------------------------------------------------------------------------------------------------------------------------------------------------------------------------------------------------------------------------------------+
; Slow 1200mV 100C Model Setup: 'clk'                                                                                                                                                                                                                                       ;
+--------+---------------------------------------------------------------------------------------------+----------------------------------------------------------------------------------------------+--------------+-------------+--------------+------------+------------+
; Slack  ; From Node                                                                                   ; To Node                                                                                      ; Launch Clock ; Latch Clock ; Relationship ; Clock Skew ; Data Delay ;
+--------+---------------------------------------------------------------------------------------------+----------------------------------------------------------------------------------------------+--------------+-------------+--------------+------------+------------+
; -1.462 ; can_mac_pcs_fce:u_dut|can_mac:u_mac|can_mac_fsm:u_can_mac_fsm|bit_count[2]                  ; can_mac_pcs_fce:u_dut|can_mac:u_mac|can_mac_fsm:u_can_mac_fsm|state.s_arbitration            ; clk          ; clk         ; 6.000        ; -0.061     ; 7.399      ;
; -1.377 ; can_mac_pcs_fce:u_dut|can_mac:u_mac|can_mac_fsm:u_can_mac_fsm|bit_count[5]                  ; can_mac_pcs_fce:u_dut|can_mac:u_mac|can_mac_fsm:u_can_mac_fsm|state.s_arbitration            ; clk          ; clk         ; 6.000        ; -0.061     ; 7.314      ;
; -1.373 ; can_mac_pcs_fce:u_dut|can_mac:u_mac|can_mac_fsm:u_can_mac_fsm|crc_length[0]                 ; can_mac_pcs_fce:u_dut|can_mac:u_mac|can_mac_fsm:u_can_mac_fsm|state.s_arbitration            ; clk          ; clk         ; 6.000        ; -0.080     ; 7.291      ;
; -1.367 ; can_mac_pcs_fce:u_dut|can_mac:u_mac|can_mac_fsm:u_can_mac_fsm|bit_count[7]                  ; can_mac_pcs_fce:u_dut|can_mac:u_mac|can_mac_fsm:u_can_mac_fsm|state.s_arbitration            ; clk          ; clk         ; 6.000        ; -0.061     ; 7.304      ;
; -1.305 ; can_mac_pcs_fce:u_dut|can_mac:u_mac|can_mac_fsm:u_can_mac_fsm|in_data_phase                 ; can_mac_pcs_fce:u_dut|can_mac:u_mac|can_mac_fsm:u_can_mac_fsm|state.s_arbitration            ; clk          ; clk         ; 6.000        ; -0.072     ; 7.231      ;
; -1.252 ; can_mac_pcs_fce:u_dut|can_mac:u_mac|can_mac_fsm:u_can_mac_fsm|data_len[1]                   ; can_mac_pcs_fce:u_dut|can_mac:u_mac|can_mac_fsm:u_can_mac_fsm|state.s_arbitration            ; clk          ; clk         ; 6.000        ; -0.082     ; 7.168      ;
; -1.249 ; can_mac_pcs_fce:u_dut|can_mac:u_mac|can_mac_fsm:u_can_mac_fsm|bit_count[1]                  ; can_mac_pcs_fce:u_dut|can_mac:u_mac|can_mac_fsm:u_can_mac_fsm|state.s_arbitration            ; clk          ; clk         ; 6.000        ; -0.061     ; 7.186      ;
; -1.215 ; can_mac_pcs_fce:u_dut|can_mac:u_mac|can_mac_fsm:u_can_mac_fsm|in_data_phase                 ; can_mac_pcs_fce:u_dut|can_mac:u_mac|can_mac_fsm:u_can_mac_fsm|bit_count[0]                   ; clk          ; clk         ; 6.000        ; -0.081     ; 7.132      ;
; -1.212 ; can_mac_pcs_fce:u_dut|can_mac:u_mac|can_mac_fsm:u_can_mac_fsm|in_data_phase                 ; can_mac_pcs_fce:u_dut|can_mac:u_mac|can_mac_fsm:u_can_mac_fsm|crc_length[1]                  ; clk          ; clk         ; 6.000        ; -0.066     ; 7.144      ;
; -1.188 ; can_mac_pcs_fce:u_dut|can_mac:u_mac|can_mac_fsm:u_can_mac_fsm|state.s_arbitration           ; can_mac_pcs_fce:u_dut|can_mac:u_mac|can_mac_fsm:u_can_mac_fsm|state.s_arbitration            ; clk          ; clk         ; 6.000        ; -0.070     ; 7.116      ;
; -1.182 ; can_mac_pcs_fce:u_dut|can_mac:u_mac|can_mac_fsm:u_can_mac_fsm|bit_count[6]                  ; can_mac_pcs_fce:u_dut|can_mac:u_mac|can_mac_fsm:u_can_mac_fsm|state.s_arbitration            ; clk          ; clk         ; 6.000        ; -0.061     ; 7.119      ;
; -1.167 ; can_mac_pcs_fce:u_dut|can_mac:u_mac|can_mac_fsm:u_can_mac_fsm|crc_length[2]                 ; can_mac_pcs_fce:u_dut|can_mac:u_mac|can_mac_fsm:u_can_mac_fsm|state.s_arbitration            ; clk          ; clk         ; 6.000        ; -0.080     ; 7.085      ;
; -1.164 ; can_mac_pcs_fce:u_dut|can_mac:u_mac|can_mac_fsm:u_can_mac_fsm|bit_count[2]                  ; can_mac_pcs_fce:u_dut|can_mac:u_mac|can_mac_fsm:u_can_mac_fsm|state.s_intermission           ; clk          ; clk         ; 6.000        ; -0.063     ; 7.099      ;
; -1.157 ; can_mac_pcs_fce:u_dut|can_mac:u_mac|can_mac_fsm:u_can_mac_fsm|in_data_phase                 ; can_mac_pcs_fce:u_dut|can_mac:u_mac|can_mac_fsm:u_can_mac_fsm|data_len[4]                    ; clk          ; clk         ; 6.000        ; -0.079     ; 7.076      ;
; -1.156 ; can_mac_pcs_fce:u_dut|can_mac:u_mac|can_mac_fsm:u_can_mac_fsm|bit_count[2]                  ; can_mac_pcs_fce:u_dut|can_mac:u_mac|can_mac_fsm:u_can_mac_fsm|state.s_ack_delimiter          ; clk          ; clk         ; 6.000        ; -0.063     ; 7.091      ;
; -1.144 ; can_mac_pcs_fce:u_dut|can_mac:u_mac|can_mac_fsm:u_can_mac_fsm|bit_count[2]                  ; can_mac_pcs_fce:u_dut|can_mac:u_mac|can_mac_fsm:u_can_mac_fsm|state.s_error_delimiter        ; clk          ; clk         ; 6.000        ; -0.063     ; 7.079      ;
; -1.142 ; can_mac_pcs_fce:u_dut|can_mac:u_mac|can_mac_fsm:u_can_mac_fsm|bit_count[2]                  ; can_mac_pcs_fce:u_dut|can_mac:u_mac|can_mac_fsm:u_can_mac_fsm|state.s_error_flag             ; clk          ; clk         ; 6.000        ; 0.347      ; 7.487      ;
; -1.140 ; can_mac_pcs_fce:u_dut|can_mac:u_mac|can_mac_fsm:u_can_mac_fsm|state.s_res_r0                ; can_mac_pcs_fce:u_dut|can_mac:u_mac|can_mac_fsm:u_can_mac_fsm|state.s_arbitration            ; clk          ; clk         ; 6.000        ; -0.084     ; 7.054      ;
; -1.140 ; can_mac_pcs_fce:u_dut|can_mac:u_mac|can_mac_fsm:u_can_mac_fsm|state.s_brs                   ; can_mac_pcs_fce:u_dut|can_mac:u_mac|can_mac_fsm:u_can_mac_fsm|state.s_arbitration            ; clk          ; clk         ; 6.000        ; -0.084     ; 7.054      ;
; -1.137 ; can_mac_pcs_fce:u_dut|can_mac:u_mac|can_mac_fsm:u_can_mac_fsm|crc_length[1]                 ; can_mac_pcs_fce:u_dut|can_mac:u_mac|can_mac_fsm:u_can_mac_fsm|state.s_arbitration            ; clk          ; clk         ; 6.000        ; -0.094     ; 7.041      ;
; -1.135 ; can_mac_pcs_fce:u_dut|can_mac:u_mac|can_mac_fsm:u_can_mac_fsm|state.s_brs                   ; can_mac_pcs_fce:u_dut|can_mac:u_mac|can_mac_fsm:u_can_mac_fsm|state.s_intermission           ; clk          ; clk         ; 6.000        ; -0.086     ; 7.047      ;
; -1.132 ; can_mac_pcs_fce:u_dut|can_mac:u_mac|can_mac_fsm:u_can_mac_fsm|bit_count[0]                  ; can_mac_pcs_fce:u_dut|can_mac:u_mac|can_mac_fsm:u_can_mac_fsm|state.s_arbitration            ; clk          ; clk         ; 6.000        ; -0.061     ; 7.069      ;
; -1.126 ; can_mac_pcs_fce:u_dut|can_mac:u_mac|can_mac_fsm:u_can_mac_fsm|state.s_res_r0                ; can_mac_pcs_fce:u_dut|can_mac:u_mac|can_mac_fsm:u_can_mac_fsm|state.s_intermission           ; clk          ; clk         ; 6.000        ; -0.086     ; 7.038      ;
; -1.126 ; can_mac_pcs_fce:u_dut|can_mac:u_mac|can_mac_fsm:u_can_mac_fsm|data_len[1]                   ; can_mac_pcs_fce:u_dut|can_mac:u_mac|can_mac_fsm:u_can_mac_fsm|state.s_intermission           ; clk          ; clk         ; 6.000        ; -0.084     ; 7.040      ;
; -1.114 ; can_mac_pcs_fce:u_dut|can_mac:u_mac|can_mac_fsm:u_can_mac_fsm|state.s_bus_reintegration     ; can_mac_pcs_fce:u_dut|can_mac:u_mac|can_mac_fsm:u_can_mac_fsm|state.s_arbitration            ; clk          ; clk         ; 6.000        ; -0.496     ; 6.616      ;
; -1.113 ; can_mac_pcs_fce:u_dut|can_mac:u_mac|can_mac_fsm:u_can_mac_fsm|data_len[3]                   ; can_mac_pcs_fce:u_dut|can_mac:u_mac|can_mac_fsm:u_can_mac_fsm|state.s_arbitration            ; clk          ; clk         ; 6.000        ; -0.082     ; 7.029      ;
; -1.107 ; can_mac_pcs_fce:u_dut|can_mac:u_mac|can_mac_fsm:u_can_mac_fsm|state.s_res_r0                ; can_mac_pcs_fce:u_dut|can_mac:u_mac|can_mac_fsm:u_can_mac_fsm|state.s_ack_delimiter          ; clk          ; clk         ; 6.000        ; -0.086     ; 7.019      ;
; -1.107 ; can_mac_pcs_fce:u_dut|can_mac:u_mac|can_mac_fsm:u_can_mac_fsm|state.s_brs                   ; can_mac_pcs_fce:u_dut|can_mac:u_mac|can_mac_fsm:u_can_mac_fsm|state.s_ack_delimiter          ; clk          ; clk         ; 6.000        ; -0.086     ; 7.019      ;
; -1.102 ; can_mac_pcs_fce:u_dut|can_mac:u_mac|can_mac_fsm:u_can_mac_fsm|state.s_bus_reintegration     ; can_mac_pcs_fce:u_dut|can_mac:u_mac|can_mac_fsm:u_can_mac_fsm|crc_length[1]                  ; clk          ; clk         ; 6.000        ; -0.490     ; 6.610      ;
; -1.100 ; can_mac_pcs_fce:u_dut|can_mac:u_mac|can_mac_fsm:u_can_mac_fsm|bit_count[5]                  ; can_mac_pcs_fce:u_dut|can_mac:u_mac|can_mac_fsm:u_can_mac_fsm|state.s_intermission           ; clk          ; clk         ; 6.000        ; -0.063     ; 7.035      ;
; -1.098 ; can_mac_pcs_fce:u_dut|can_mac:u_mac|can_mac_fsm:u_can_mac_fsm|state.s_arbitration           ; can_mac_pcs_fce:u_dut|can_mac:u_mac|can_mac_fsm:u_can_mac_fsm|bit_count[0]                   ; clk          ; clk         ; 6.000        ; -0.079     ; 7.017      ;
; -1.095 ; can_mac_pcs_fce:u_dut|can_mac:u_mac|can_mac_fsm:u_can_mac_fsm|state.s_arbitration           ; can_mac_pcs_fce:u_dut|can_mac:u_mac|can_mac_fsm:u_can_mac_fsm|crc_length[1]                  ; clk          ; clk         ; 6.000        ; -0.064     ; 7.029      ;
; -1.092 ; can_mac_pcs_fce:u_dut|can_mac:u_mac|can_mac_fsm:u_can_mac_fsm|bit_count[5]                  ; can_mac_pcs_fce:u_dut|can_mac:u_mac|can_mac_fsm:u_can_mac_fsm|state.s_ack_delimiter          ; clk          ; clk         ; 6.000        ; -0.063     ; 7.027      ;
; -1.090 ; can_mac_pcs_fce:u_dut|can_mac:u_mac|can_mac_fsm:u_can_mac_fsm|bit_count[7]                  ; can_mac_pcs_fce:u_dut|can_mac:u_mac|can_mac_fsm:u_can_mac_fsm|state.s_intermission           ; clk          ; clk         ; 6.000        ; -0.063     ; 7.025      ;
; -1.090 ; can_mac_pcs_fce:u_dut|can_mac:u_mac|can_mac_fsm:u_can_mac_fsm|in_data_phase                 ; can_mac_pcs_fce:u_dut|can_mac:u_mac|can_mac_fsm:u_can_mac_fsm|state.s_sbc                    ; clk          ; clk         ; 6.000        ; -0.075     ; 7.013      ;
; -1.085 ; can_mac_pcs_fce:u_dut|can_mac:u_mac|can_mac_fsm:u_can_mac_fsm|crc_length[0]                 ; can_mac_pcs_fce:u_dut|can_mac:u_mac|can_mac_fsm:u_can_mac_fsm|state.s_intermission           ; clk          ; clk         ; 6.000        ; -0.082     ; 7.001      ;
; -1.082 ; can_mac_pcs_fce:u_dut|can_mac:u_mac|can_mac_fsm:u_can_mac_fsm|bit_count[7]                  ; can_mac_pcs_fce:u_dut|can_mac:u_mac|can_mac_fsm:u_can_mac_fsm|state.s_ack_delimiter          ; clk          ; clk         ; 6.000        ; -0.063     ; 7.017      ;
; -1.082 ; can_mac_pcs_fce:u_dut|can_mac:u_mac|can_mac_fsm:u_can_mac_fsm|bit_count[5]                  ; can_mac_pcs_fce:u_dut|can_mac:u_mac|can_mac_fsm:u_can_mac_fsm|state.s_error_delimiter        ; clk          ; clk         ; 6.000        ; -0.063     ; 7.017      ;
; -1.081 ; can_mac_pcs_fce:u_dut|can_mac:u_mac|can_mac_fsm:u_can_mac_fsm|bit_count[3]                  ; can_mac_pcs_fce:u_dut|can_mac:u_mac|can_mac_fsm:u_can_mac_fsm|state.s_arbitration            ; clk          ; clk         ; 6.000        ; -0.061     ; 7.018      ;
; -1.077 ; can_mac_pcs_fce:u_dut|can_mac:u_mac|can_mac_fsm:u_can_mac_fsm|crc_length[0]                 ; can_mac_pcs_fce:u_dut|can_mac:u_mac|can_mac_fsm:u_can_mac_fsm|state.s_ack_delimiter          ; clk          ; clk         ; 6.000        ; -0.082     ; 6.993      ;
; -1.072 ; can_mac_pcs_fce:u_dut|can_mac:u_mac|can_mac_fsm:u_can_mac_fsm|bit_count[7]                  ; can_mac_pcs_fce:u_dut|can_mac:u_mac|can_mac_fsm:u_can_mac_fsm|state.s_error_delimiter        ; clk          ; clk         ; 6.000        ; -0.063     ; 7.007      ;
; -1.067 ; can_mac_pcs_fce:u_dut|can_mac:u_mac|can_mac_fsm:u_can_mac_fsm|crc_length[0]                 ; can_mac_pcs_fce:u_dut|can_mac:u_mac|can_mac_fsm:u_can_mac_fsm|state.s_error_delimiter        ; clk          ; clk         ; 6.000        ; -0.082     ; 6.983      ;
; -1.065 ; can_mac_pcs_fce:u_dut|can_mac:u_mac|can_mac_fsm:u_can_mac_fsm|bit_count[8]                  ; can_mac_pcs_fce:u_dut|can_mac:u_mac|can_mac_fsm:u_can_mac_fsm|state.s_arbitration            ; clk          ; clk         ; 6.000        ; -0.061     ; 7.002      ;
; -1.062 ; can_mac_pcs_fce:u_dut|can_mac:u_mac|can_mac_fsm:u_can_mac_fsm|state.s_bus_reintegration     ; can_mac_pcs_fce:u_dut|can_mac:u_mac|can_mac_fsm:u_can_mac_fsm|data_len[4]                    ; clk          ; clk         ; 6.000        ; -0.503     ; 6.557      ;
; -1.058 ; can_mac_pcs_fce:u_dut|can_pcs:u_pcs|mac_o.rx_data                                           ; can_mac_pcs_fce:u_dut|can_mac:u_mac|can_mac_fsm:u_can_mac_fsm|state.s_arbitration            ; clk          ; clk         ; 6.000        ; -0.066     ; 6.990      ;
; -1.056 ; can_mac_pcs_fce:u_dut|can_mac:u_mac|can_mac_fsm:u_can_mac_fsm|bit_count[1]                  ; can_mac_pcs_fce:u_dut|can_mac:u_mac|can_mac_fsm:u_can_mac_fsm|transmitted_bits_shift_reg[0]  ; clk          ; clk         ; 6.000        ; -0.049     ; 7.005      ;
; -1.055 ; can_mac_pcs_fce:u_dut|can_mac:u_mac|can_mac_fsm:u_can_mac_fsm|state.s_crc_delimiter         ; can_mac_pcs_fce:u_dut|can_mac:u_mac|can_mac_fsm:u_can_mac_fsm|state.s_arbitration            ; clk          ; clk         ; 6.000        ; -0.491     ; 6.562      ;
; -1.053 ; can_mac_pcs_fce:u_dut|can_mac:u_mac|can_mac_fsm:u_can_mac_fsm|crc_length[0]                 ; can_mac_pcs_fce:u_dut|can_mac:u_mac|can_mac_fsm:u_can_mac_fsm|state.s_error_flag             ; clk          ; clk         ; 6.000        ; 0.328      ; 7.379      ;
; -1.053 ; can_mac_pcs_fce:u_dut|can_mac:u_mac|can_mac_fsm:u_can_mac_fsm|bit_count[5]                  ; can_mac_pcs_fce:u_dut|can_mac:u_mac|can_mac_fsm:u_can_mac_fsm|state.s_error_flag             ; clk          ; clk         ; 6.000        ; 0.347      ; 7.398      ;
; -1.050 ; can_mac_pcs_fce:u_dut|can_mac:u_mac|can_mac_bs:u_can_mac_bs|bs_o.valid                      ; can_mac_pcs_fce:u_dut|can_mac:u_mac|can_mac_fsm:u_can_mac_fsm|state.s_arbitration            ; clk          ; clk         ; 6.000        ; -0.080     ; 6.968      ;
; -1.048 ; can_mac_pcs_fce:u_dut|can_mac:u_mac|can_mac_fsm:u_can_mac_fsm|state.s_arbitration           ; can_mac_pcs_fce:u_dut|can_mac:u_mac|can_mac_fsm:u_can_mac_fsm|data_len[4]                    ; clk          ; clk         ; 6.000        ; -0.077     ; 6.969      ;
; -1.043 ; can_mac_pcs_fce:u_dut|can_mac:u_mac|can_mac_fsm:u_can_mac_fsm|bit_count[7]                  ; can_mac_pcs_fce:u_dut|can_mac:u_mac|can_mac_fsm:u_can_mac_fsm|state.s_error_flag             ; clk          ; clk         ; 6.000        ; 0.347      ; 7.388      ;
; -1.043 ; can_mac_pcs_fce:u_dut|can_mac:u_mac|can_mac_fsm:u_can_mac_fsm|stream_index[2]               ; can_mac_pcs_fce:u_dut|can_mac:u_mac|can_mac_fsm:u_can_mac_fsm|llc_o.avalon_st_source.data[1] ; clk          ; clk         ; 6.000        ; -0.078     ; 6.963      ;
; -1.040 ; can_mac_pcs_fce:u_dut|can_mac:u_mac|can_mac_fsm:u_can_mac_fsm|drive_bit                     ; can_mac_pcs_fce:u_dut|can_mac:u_mac|can_mac_fsm:u_can_mac_fsm|state.s_arbitration            ; clk          ; clk         ; 6.000        ; -0.072     ; 6.966      ;
; -1.020 ; can_mac_pcs_fce:u_dut|can_mac:u_mac|can_mac_fsm:u_can_mac_fsm|state.s_res_r0                ; can_mac_pcs_fce:u_dut|can_mac:u_mac|can_mac_fsm:u_can_mac_fsm|bit_count[8]                   ; clk          ; clk         ; 6.000        ; -0.093     ; 6.925      ;
; -1.020 ; can_mac_pcs_fce:u_dut|can_mac:u_mac|can_mac_fsm:u_can_mac_fsm|state.s_res_r0                ; can_mac_pcs_fce:u_dut|can_mac:u_mac|can_mac_fsm:u_can_mac_fsm|bit_count[3]                   ; clk          ; clk         ; 6.000        ; -0.093     ; 6.925      ;
; -1.020 ; can_mac_pcs_fce:u_dut|can_mac:u_mac|can_mac_fsm:u_can_mac_fsm|state.s_res_r0                ; can_mac_pcs_fce:u_dut|can_mac:u_mac|can_mac_fsm:u_can_mac_fsm|bit_count[4]                   ; clk          ; clk         ; 6.000        ; -0.093     ; 6.925      ;
; -1.020 ; can_mac_pcs_fce:u_dut|can_mac:u_mac|can_mac_fsm:u_can_mac_fsm|state.s_res_r0                ; can_mac_pcs_fce:u_dut|can_mac:u_mac|can_mac_fsm:u_can_mac_fsm|bit_count[1]                   ; clk          ; clk         ; 6.000        ; -0.093     ; 6.925      ;
; -1.020 ; can_mac_pcs_fce:u_dut|can_mac:u_mac|can_mac_fsm:u_can_mac_fsm|state.s_res_r0                ; can_mac_pcs_fce:u_dut|can_mac:u_mac|can_mac_fsm:u_can_mac_fsm|bit_count[9]                   ; clk          ; clk         ; 6.000        ; -0.093     ; 6.925      ;
; -1.020 ; can_mac_pcs_fce:u_dut|can_mac:u_mac|can_mac_fsm:u_can_mac_fsm|state.s_res_r0                ; can_mac_pcs_fce:u_dut|can_mac:u_mac|can_mac_fsm:u_can_mac_fsm|bit_count[7]                   ; clk          ; clk         ; 6.000        ; -0.093     ; 6.925      ;
; -1.020 ; can_mac_pcs_fce:u_dut|can_mac:u_mac|can_mac_fsm:u_can_mac_fsm|state.s_res_r0                ; can_mac_pcs_fce:u_dut|can_mac:u_mac|can_mac_fsm:u_can_mac_fsm|bit_count[5]                   ; clk          ; clk         ; 6.000        ; -0.093     ; 6.925      ;
; -1.020 ; can_mac_pcs_fce:u_dut|can_mac:u_mac|can_mac_fsm:u_can_mac_fsm|state.s_res_r0                ; can_mac_pcs_fce:u_dut|can_mac:u_mac|can_mac_fsm:u_can_mac_fsm|bit_count[2]                   ; clk          ; clk         ; 6.000        ; -0.093     ; 6.925      ;
; -1.020 ; can_mac_pcs_fce:u_dut|can_mac:u_mac|can_mac_fsm:u_can_mac_fsm|state.s_res_r0                ; can_mac_pcs_fce:u_dut|can_mac:u_mac|can_mac_fsm:u_can_mac_fsm|bit_count[6]                   ; clk          ; clk         ; 6.000        ; -0.093     ; 6.925      ;
; -1.018 ; can_mac_pcs_fce:u_dut|can_mac:u_mac|can_mac_fsm:u_can_mac_fsm|state.s_res_r0                ; can_mac_pcs_fce:u_dut|can_mac:u_mac|can_mac_fsm:u_can_mac_fsm|bit_count[0]                   ; clk          ; clk         ; 6.000        ; -0.093     ; 6.923      ;
; -1.018 ; can_mac_pcs_fce:u_dut|can_mac:u_mac|can_mac_fsm:u_can_mac_fsm|state.s_brs                   ; can_mac_pcs_fce:u_dut|can_mac:u_mac|can_mac_fsm:u_can_mac_fsm|bit_count[0]                   ; clk          ; clk         ; 6.000        ; -0.093     ; 6.923      ;
; -1.008 ; can_mac_pcs_fce:u_dut|can_mac:u_mac|can_mac_fsm:u_can_mac_fsm|data_len[2]                   ; can_mac_pcs_fce:u_dut|can_mac:u_mac|can_mac_fsm:u_can_mac_fsm|state.s_arbitration            ; clk          ; clk         ; 6.000        ; -0.082     ; 6.924      ;
; -1.007 ; can_mac_pcs_fce:u_dut|can_mac:u_mac|can_mac_fsm:u_can_mac_fsm|in_data_phase                 ; can_mac_pcs_fce:u_dut|can_mac:u_mac|can_mac_fsm:u_can_mac_fsm|state.s_intermission           ; clk          ; clk         ; 6.000        ; -0.074     ; 6.931      ;
; -1.006 ; can_mac_pcs_fce:u_dut|can_mac:u_mac|can_mac_fsm:u_can_mac_fsm|state.s_bus_reintegration     ; can_mac_pcs_fce:u_dut|can_mac:u_mac|can_mac_fsm:u_can_mac_fsm|bit_count[0]                   ; clk          ; clk         ; 6.000        ; -0.505     ; 6.499      ;
; -1.000 ; can_mac_pcs_fce:u_dut|can_mac:u_mac|can_mac_fsm:u_can_mac_fsm|transmitted_bits_shift_reg[0] ; can_mac_pcs_fce:u_dut|can_mac:u_mac|can_mac_fsm:u_can_mac_fsm|state.s_arbitration            ; clk          ; clk         ; 6.000        ; -0.082     ; 6.916      ;
; -0.999 ; can_mac_pcs_fce:u_dut|can_mac:u_mac|can_mac_fsm:u_can_mac_fsm|in_data_phase                 ; can_mac_pcs_fce:u_dut|can_mac:u_mac|can_mac_fsm:u_can_mac_fsm|state.s_ack_delimiter          ; clk          ; clk         ; 6.000        ; -0.074     ; 6.923      ;
; -0.989 ; can_mac_pcs_fce:u_dut|can_mac:u_mac|can_mac_fsm:u_can_mac_fsm|bit_count[5]                  ; can_mac_pcs_fce:u_dut|can_mac:u_mac|can_mac_fsm:u_can_mac_fsm|bit_count[0]                   ; clk          ; clk         ; 6.000        ; -0.070     ; 6.917      ;
; -0.987 ; can_mac_pcs_fce:u_dut|can_mac:u_mac|can_mac_fsm:u_can_mac_fsm|data_len[3]                   ; can_mac_pcs_fce:u_dut|can_mac:u_mac|can_mac_fsm:u_can_mac_fsm|state.s_intermission           ; clk          ; clk         ; 6.000        ; -0.084     ; 6.901      ;
; -0.985 ; can_mac_pcs_fce:u_dut|can_mac:u_mac|can_mac_fsm:u_can_mac_fsm|in_data_phase                 ; can_mac_pcs_fce:u_dut|can_mac:u_mac|can_mac_fsm:u_can_mac_fsm|state.s_error_flag             ; clk          ; clk         ; 6.000        ; 0.336      ; 7.319      ;
; -0.983 ; can_mac_pcs_fce:u_dut|can_mac:u_mac|can_mac_fsm:u_can_mac_fsm|bit_count[2]                  ; can_mac_pcs_fce:u_dut|can_mac:u_mac|can_mac_fsm:u_can_mac_fsm|state.s_bus_reintegration      ; clk          ; clk         ; 6.000        ; 0.347      ; 7.328      ;
; -0.982 ; can_mac_pcs_fce:u_dut|can_mac:u_mac|can_mac_fsm:u_can_mac_fsm|state.s_suspend_transmission  ; can_mac_pcs_fce:u_dut|can_mac:u_mac|can_mac_fsm:u_can_mac_fsm|state.s_arbitration            ; clk          ; clk         ; 6.000        ; -0.536     ; 6.444      ;
; -0.980 ; can_mac_pcs_fce:u_dut|can_mac:u_mac|can_mac_fsm:u_can_mac_fsm|in_data_phase                 ; can_mac_pcs_fce:u_dut|can_mac:u_mac|can_mac_fsm:u_can_mac_fsm|state.s_error_delimiter        ; clk          ; clk         ; 6.000        ; -0.074     ; 6.904      ;
; -0.979 ; can_mac_pcs_fce:u_dut|can_mac:u_mac|can_mac_fsm:u_can_mac_fsm|bit_count[7]                  ; can_mac_pcs_fce:u_dut|can_mac:u_mac|can_mac_fsm:u_can_mac_fsm|bit_count[0]                   ; clk          ; clk         ; 6.000        ; -0.070     ; 6.907      ;
; -0.976 ; can_mac_pcs_fce:u_dut|can_mac:u_mac|can_mac_fsm:u_can_mac_fsm|bit_count[2]                  ; can_mac_pcs_fce:u_dut|can_mac:u_mac|can_mac_fsm:u_can_mac_fsm|state.s_bus_idle               ; clk          ; clk         ; 6.000        ; 0.386      ; 7.360      ;
; -0.973 ; can_mac_pcs_fce:u_dut|can_mac:u_mac|can_mac_fsm:u_can_mac_fsm|state.s_arbitration           ; can_mac_pcs_fce:u_dut|can_mac:u_mac|can_mac_fsm:u_can_mac_fsm|state.s_sbc                    ; clk          ; clk         ; 6.000        ; -0.073     ; 6.898      ;
; -0.970 ; can_mac_pcs_fce:u_dut|can_pcs:u_pcs|mac_o.rx_data                                           ; can_mac_pcs_fce:u_dut|can_mac:u_mac|can_mac_fsm:u_can_mac_fsm|crc_length[1]                  ; clk          ; clk         ; 6.000        ; -0.060     ; 6.908      ;
; -0.970 ; can_mac_pcs_fce:u_dut|can_mac:u_mac|can_mac_fsm:u_can_mac_fsm|bit_count[2]                  ; can_mac_pcs_fce:u_dut|can_mac:u_mac|can_mac_fsm:u_can_mac_fsm|state.s_crc_delimiter          ; clk          ; clk         ; 6.000        ; 0.343      ; 7.311      ;
; -0.968 ; can_mac_pcs_fce:u_dut|can_pcs:u_pcs|mac_o.rx_data                                           ; can_mac_pcs_fce:u_dut|can_mac:u_mac|can_mac_fsm:u_can_mac_fsm|bit_count[0]                   ; clk          ; clk         ; 6.000        ; -0.075     ; 6.891      ;
; -0.965 ; can_mac_pcs_fce:u_dut|can_mac:u_mac|can_mac_fsm:u_can_mac_fsm|in_data_phase                 ; can_mac_pcs_fce:u_dut|can_mac:u_mac|can_mac_fsm:u_can_mac_fsm|data_len[0]                    ; clk          ; clk         ; 6.000        ; -0.078     ; 6.885      ;
; -0.961 ; can_mac_pcs_fce:u_dut|can_mac:u_mac|can_mac_fsm:u_can_mac_fsm|byte_index[1]                 ; can_mac_pcs_fce:u_dut|can_mac:u_mac|can_mac_fsm:u_can_mac_fsm|state.s_arbitration            ; clk          ; clk         ; 6.000        ; -0.074     ; 6.885      ;
; -0.958 ; can_mac_pcs_fce:u_dut|can_mac:u_mac|can_mac_fsm:u_can_mac_fsm|data_len[0]                   ; can_mac_pcs_fce:u_dut|can_mac:u_mac|can_mac_fsm:u_can_mac_fsm|state.s_arbitration            ; clk          ; clk         ; 6.000        ; -0.081     ; 6.875      ;
; -0.957 ; can_mac_pcs_fce:u_dut|can_mac:u_mac|can_mac_fsm:u_can_mac_fsm|transmitted_bits_shift_reg[0] ; can_mac_pcs_fce:u_dut|can_mac:u_mac|can_mac_fsm:u_can_mac_fsm|crc_length[1]                  ; clk          ; clk         ; 6.000        ; -0.076     ; 6.879      ;
; -0.957 ; can_mac_pcs_fce:u_dut|can_mac:u_mac|can_mac_fsm:u_can_mac_fsm|state.s_res_r0                ; can_mac_pcs_fce:u_dut|can_mac:u_mac|can_mac_fsm:u_can_mac_fsm|state.s_dlc                    ; clk          ; clk         ; 6.000        ; -0.072     ; 6.883      ;
; -0.957 ; can_mac_pcs_fce:u_dut|can_mac:u_mac|can_mac_fsm:u_can_mac_fsm|state.s_brs                   ; can_mac_pcs_fce:u_dut|can_mac:u_mac|can_mac_fsm:u_can_mac_fsm|state.s_dlc                    ; clk          ; clk         ; 6.000        ; -0.072     ; 6.883      ;
; -0.957 ; can_mac_pcs_fce:u_dut|can_mac:u_mac|can_mac_fsm:u_can_mac_fsm|state.s_res_r0                ; can_mac_pcs_fce:u_dut|can_mac:u_mac|can_mac_fsm:u_can_mac_fsm|state.s_ack                    ; clk          ; clk         ; 6.000        ; -0.072     ; 6.883      ;
; -0.957 ; can_mac_pcs_fce:u_dut|can_mac:u_mac|can_mac_fsm:u_can_mac_fsm|state.s_brs                   ; can_mac_pcs_fce:u_dut|can_mac:u_mac|can_mac_fsm:u_can_mac_fsm|state.s_ack                    ; clk          ; clk         ; 6.000        ; -0.072     ; 6.883      ;
; -0.955 ; can_mac_pcs_fce:u_dut|can_mac:u_mac|can_mac_fsm:u_can_mac_fsm|llc_frame[0][6]               ; can_mac_pcs_fce:u_dut|can_mac:u_mac|can_mac_fsm:u_can_mac_fsm|state.s_arbitration            ; clk          ; clk         ; 6.000        ; -0.094     ; 6.859      ;
; -0.953 ; can_mac_pcs_fce:u_dut|can_mac:u_mac|can_mac_fsm:u_can_mac_fsm|is_transmitter                ; can_mac_pcs_fce:u_dut|can_mac:u_mac|can_mac_fsm:u_can_mac_fsm|state.s_arbitration            ; clk          ; clk         ; 6.000        ; -0.081     ; 6.870      ;
; -0.952 ; can_mac_pcs_fce:u_dut|can_mac:u_mac|can_mac_fsm:u_can_mac_fsm|data_len[1]                   ; can_mac_pcs_fce:u_dut|can_mac:u_mac|can_mac_fsm:u_can_mac_fsm|state.s_ack_delimiter          ; clk          ; clk         ; 6.000        ; -0.084     ; 6.866      ;
; -0.951 ; can_mac_pcs_fce:u_dut|can_mac:u_mac|can_mac_fsm:u_can_mac_fsm|state.s_arbitration           ; can_mac_pcs_fce:u_dut|can_mac:u_mac|can_mac_fsm:u_can_mac_fsm|state.s_intermission           ; clk          ; clk         ; 6.000        ; -0.072     ; 6.877      ;
; -0.951 ; can_mac_pcs_fce:u_dut|can_mac:u_mac|can_mac_fsm:u_can_mac_fsm|bit_count[1]                  ; can_mac_pcs_fce:u_dut|can_mac:u_mac|can_mac_fsm:u_can_mac_fsm|state.s_intermission           ; clk          ; clk         ; 6.000        ; -0.063     ; 6.886      ;
; -0.950 ; can_mac_pcs_fce:u_dut|can_mac:u_mac|can_mac_fsm:u_can_mac_fsm|in_data_phase                 ; can_mac_pcs_fce:u_dut|can_mac:u_mac|can_mac_fsm:u_can_mac_fsm|bit_count[6]                   ; clk          ; clk         ; 6.000        ; -0.081     ; 6.867      ;
; -0.950 ; can_mac_pcs_fce:u_dut|can_mac:u_mac|can_mac_fsm:u_can_mac_fsm|in_data_phase                 ; can_mac_pcs_fce:u_dut|can_mac:u_mac|can_mac_fsm:u_can_mac_fsm|bit_count[4]                   ; clk          ; clk         ; 6.000        ; -0.081     ; 6.867      ;
; -0.950 ; can_mac_pcs_fce:u_dut|can_mac:u_mac|can_mac_fsm:u_can_mac_fsm|in_data_phase                 ; can_mac_pcs_fce:u_dut|can_mac:u_mac|can_mac_fsm:u_can_mac_fsm|bit_count[7]                   ; clk          ; clk         ; 6.000        ; -0.081     ; 6.867      ;
; -0.950 ; can_mac_pcs_fce:u_dut|can_mac:u_mac|can_mac_fsm:u_can_mac_fsm|in_data_phase                 ; can_mac_pcs_fce:u_dut|can_mac:u_mac|can_mac_fsm:u_can_mac_fsm|bit_count[5]                   ; clk          ; clk         ; 6.000        ; -0.081     ; 6.867      ;
; -0.950 ; can_mac_pcs_fce:u_dut|can_mac:u_mac|can_mac_fsm:u_can_mac_fsm|in_data_phase                 ; can_mac_pcs_fce:u_dut|can_mac:u_mac|can_mac_fsm:u_can_mac_fsm|bit_count[2]                   ; clk          ; clk         ; 6.000        ; -0.081     ; 6.867      ;
+--------+---------------------------------------------------------------------------------------------+----------------------------------------------------------------------------------------------+--------------+-------------+--------------+------------+------------+


+--------------------------------------------------------------------------------------------------------------------------------------------------------------------------------------------------------------------------------------------------+
; Slow 1200mV 100C Model Hold: 'clk'                                                                                                                                                                                                               ;
+-------+--------------------------------------------------------------------------------+-----------------------------------------------------------------------------------+--------------+-------------+--------------+------------+------------+
; Slack ; From Node                                                                      ; To Node                                                                           ; Launch Clock ; Latch Clock ; Relationship ; Clock Skew ; Data Delay ;
+-------+--------------------------------------------------------------------------------+-----------------------------------------------------------------------------------+--------------+-------------+--------------+------------+------------+
; 0.305 ; reset_i                                                                        ; can_mac_pcs_fce:u_dut|can_fce:u_fce|mac_o.bus_off                                 ; clk          ; clk         ; 0.000        ; 2.495      ; 0.986      ;
; 0.305 ; reset_i                                                                        ; can_mac_pcs_fce:u_dut|can_fce:u_fce|idle_count[7]                                 ; clk          ; clk         ; 0.000        ; 2.495      ; 0.986      ;
; 0.349 ; tx_llc_data_i[5]                                                               ; can_mac_pcs_fce:u_dut|can_mac:u_mac|can_mac_ser:u_can_mac_ser|llc_frame_buffer[5] ; clk          ; clk         ; 0.000        ; 2.505      ; 1.040      ;
; 0.398 ; can_mac_pcs_fce:u_dut|can_mac:u_mac|can_mac_fsm:u_can_mac_fsm|llc_frame[35][0] ; can_mac_pcs_fce:u_dut|can_mac:u_mac|can_mac_fsm:u_can_mac_fsm|llc_frame[35][0]    ; clk          ; clk         ; 0.000        ; 0.090      ; 0.674      ;
; 0.398 ; can_mac_pcs_fce:u_dut|can_mac:u_mac|can_mac_fsm:u_can_mac_fsm|llc_frame[35][5] ; can_mac_pcs_fce:u_dut|can_mac:u_mac|can_mac_fsm:u_can_mac_fsm|llc_frame[35][5]    ; clk          ; clk         ; 0.000        ; 0.090      ; 0.674      ;
; 0.398 ; can_mac_pcs_fce:u_dut|can_mac:u_mac|can_mac_fsm:u_can_mac_fsm|llc_frame[51][5] ; can_mac_pcs_fce:u_dut|can_mac:u_mac|can_mac_fsm:u_can_mac_fsm|llc_frame[51][5]    ; clk          ; clk         ; 0.000        ; 0.090      ; 0.674      ;
; 0.398 ; can_mac_pcs_fce:u_dut|can_mac:u_mac|can_mac_fsm:u_can_mac_fsm|llc_frame[33][5] ; can_mac_pcs_fce:u_dut|can_mac:u_mac|can_mac_fsm:u_can_mac_fsm|llc_frame[33][5]    ; clk          ; clk         ; 0.000        ; 0.090      ; 0.674      ;
; 0.398 ; can_mac_pcs_fce:u_dut|can_mac:u_mac|can_mac_fsm:u_can_mac_fsm|llc_frame[37][0] ; can_mac_pcs_fce:u_dut|can_mac:u_mac|can_mac_fsm:u_can_mac_fsm|llc_frame[37][0]    ; clk          ; clk         ; 0.000        ; 0.090      ; 0.674      ;
; 0.398 ; can_mac_pcs_fce:u_dut|can_mac:u_mac|can_mac_fsm:u_can_mac_fsm|llc_frame[32][6] ; can_mac_pcs_fce:u_dut|can_mac:u_mac|can_mac_fsm:u_can_mac_fsm|llc_frame[32][6]    ; clk          ; clk         ; 0.000        ; 0.090      ; 0.674      ;
; 0.398 ; can_mac_pcs_fce:u_dut|can_mac:u_mac|can_mac_fsm:u_can_mac_fsm|llc_frame[29][6] ; can_mac_pcs_fce:u_dut|can_mac:u_mac|can_mac_fsm:u_can_mac_fsm|llc_frame[29][6]    ; clk          ; clk         ; 0.000        ; 0.090      ; 0.674      ;
; 0.398 ; can_mac_pcs_fce:u_dut|can_mac:u_mac|can_mac_fsm:u_can_mac_fsm|llc_frame[28][6] ; can_mac_pcs_fce:u_dut|can_mac:u_mac|can_mac_fsm:u_can_mac_fsm|llc_frame[28][6]    ; clk          ; clk         ; 0.000        ; 0.090      ; 0.674      ;
; 0.398 ; can_mac_pcs_fce:u_dut|can_mac:u_mac|can_mac_fsm:u_can_mac_fsm|llc_frame[49][5] ; can_mac_pcs_fce:u_dut|can_mac:u_mac|can_mac_fsm:u_can_mac_fsm|llc_frame[49][5]    ; clk          ; clk         ; 0.000        ; 0.090      ; 0.674      ;
; 0.399 ; can_mac_pcs_fce:u_dut|can_mac:u_mac|can_mac_fsm:u_can_mac_fsm|llc_frame[12][5] ; can_mac_pcs_fce:u_dut|can_mac:u_mac|can_mac_fsm:u_can_mac_fsm|llc_frame[12][5]    ; clk          ; clk         ; 0.000        ; 0.089      ; 0.674      ;
; 0.399 ; can_mac_pcs_fce:u_dut|can_mac:u_mac|can_mac_fsm:u_can_mac_fsm|llc_frame[6][0]  ; can_mac_pcs_fce:u_dut|can_mac:u_mac|can_mac_fsm:u_can_mac_fsm|llc_frame[6][0]     ; clk          ; clk         ; 0.000        ; 0.089      ; 0.674      ;
; 0.399 ; can_mac_pcs_fce:u_dut|can_mac:u_mac|can_mac_fsm:u_can_mac_fsm|llc_frame[22][0] ; can_mac_pcs_fce:u_dut|can_mac:u_mac|can_mac_fsm:u_can_mac_fsm|llc_frame[22][0]    ; clk          ; clk         ; 0.000        ; 0.089      ; 0.674      ;
; 0.399 ; can_mac_pcs_fce:u_dut|can_mac:u_mac|can_mac_fsm:u_can_mac_fsm|llc_frame[13][5] ; can_mac_pcs_fce:u_dut|can_mac:u_mac|can_mac_fsm:u_can_mac_fsm|llc_frame[13][5]    ; clk          ; clk         ; 0.000        ; 0.089      ; 0.674      ;
; 0.399 ; can_mac_pcs_fce:u_dut|can_mac:u_mac|can_mac_fsm:u_can_mac_fsm|llc_frame[44][5] ; can_mac_pcs_fce:u_dut|can_mac:u_mac|can_mac_fsm:u_can_mac_fsm|llc_frame[44][5]    ; clk          ; clk         ; 0.000        ; 0.089      ; 0.674      ;
; 0.399 ; can_mac_pcs_fce:u_dut|can_mac:u_mac|can_mac_fsm:u_can_mac_fsm|llc_frame[50][5] ; can_mac_pcs_fce:u_dut|can_mac:u_mac|can_mac_fsm:u_can_mac_fsm|llc_frame[50][5]    ; clk          ; clk         ; 0.000        ; 0.089      ; 0.674      ;
; 0.399 ; can_mac_pcs_fce:u_dut|can_mac:u_mac|can_mac_fsm:u_can_mac_fsm|llc_frame[34][5] ; can_mac_pcs_fce:u_dut|can_mac:u_mac|can_mac_fsm:u_can_mac_fsm|llc_frame[34][5]    ; clk          ; clk         ; 0.000        ; 0.089      ; 0.674      ;
; 0.399 ; can_mac_pcs_fce:u_dut|can_mac:u_mac|can_mac_fsm:u_can_mac_fsm|llc_frame[18][5] ; can_mac_pcs_fce:u_dut|can_mac:u_mac|can_mac_fsm:u_can_mac_fsm|llc_frame[18][5]    ; clk          ; clk         ; 0.000        ; 0.089      ; 0.674      ;
; 0.399 ; can_mac_pcs_fce:u_dut|can_mac:u_mac|can_mac_fsm:u_can_mac_fsm|llc_frame[20][2] ; can_mac_pcs_fce:u_dut|can_mac:u_mac|can_mac_fsm:u_can_mac_fsm|llc_frame[20][2]    ; clk          ; clk         ; 0.000        ; 0.089      ; 0.674      ;
; 0.399 ; can_mac_pcs_fce:u_dut|can_mac:u_mac|can_mac_fsm:u_can_mac_fsm|llc_frame[28][2] ; can_mac_pcs_fce:u_dut|can_mac:u_mac|can_mac_fsm:u_can_mac_fsm|llc_frame[28][2]    ; clk          ; clk         ; 0.000        ; 0.089      ; 0.674      ;
; 0.399 ; can_mac_pcs_fce:u_dut|can_mac:u_mac|can_mac_fsm:u_can_mac_fsm|llc_frame[2][5]  ; can_mac_pcs_fce:u_dut|can_mac:u_mac|can_mac_fsm:u_can_mac_fsm|llc_frame[2][5]     ; clk          ; clk         ; 0.000        ; 0.089      ; 0.674      ;
; 0.399 ; can_mac_pcs_fce:u_dut|can_mac:u_mac|can_mac_fsm:u_can_mac_fsm|llc_frame[32][2] ; can_mac_pcs_fce:u_dut|can_mac:u_mac|can_mac_fsm:u_can_mac_fsm|llc_frame[32][2]    ; clk          ; clk         ; 0.000        ; 0.089      ; 0.674      ;
; 0.399 ; can_mac_pcs_fce:u_dut|can_mac:u_mac|can_mac_fsm:u_can_mac_fsm|llc_frame[0][2]  ; can_mac_pcs_fce:u_dut|can_mac:u_mac|can_mac_fsm:u_can_mac_fsm|llc_frame[0][2]     ; clk          ; clk         ; 0.000        ; 0.089      ; 0.674      ;
; 0.399 ; can_mac_pcs_fce:u_dut|can_mac:u_mac|can_mac_fsm:u_can_mac_fsm|llc_frame[24][2] ; can_mac_pcs_fce:u_dut|can_mac:u_mac|can_mac_fsm:u_can_mac_fsm|llc_frame[24][2]    ; clk          ; clk         ; 0.000        ; 0.089      ; 0.674      ;
; 0.399 ; can_mac_pcs_fce:u_dut|can_mac:u_mac|can_mac_fsm:u_can_mac_fsm|llc_frame[4][2]  ; can_mac_pcs_fce:u_dut|can_mac:u_mac|can_mac_fsm:u_can_mac_fsm|llc_frame[4][2]     ; clk          ; clk         ; 0.000        ; 0.089      ; 0.674      ;
; 0.399 ; can_mac_pcs_fce:u_dut|can_mac:u_mac|can_mac_fsm:u_can_mac_fsm|llc_frame[53][2] ; can_mac_pcs_fce:u_dut|can_mac:u_mac|can_mac_fsm:u_can_mac_fsm|llc_frame[53][2]    ; clk          ; clk         ; 0.000        ; 0.089      ; 0.674      ;
; 0.399 ; can_mac_pcs_fce:u_dut|can_mac:u_mac|can_mac_fsm:u_can_mac_fsm|llc_frame[37][2] ; can_mac_pcs_fce:u_dut|can_mac:u_mac|can_mac_fsm:u_can_mac_fsm|llc_frame[37][2]    ; clk          ; clk         ; 0.000        ; 0.089      ; 0.674      ;
; 0.399 ; can_mac_pcs_fce:u_dut|can_mac:u_mac|can_mac_fsm:u_can_mac_fsm|llc_frame[57][2] ; can_mac_pcs_fce:u_dut|can_mac:u_mac|can_mac_fsm:u_can_mac_fsm|llc_frame[57][2]    ; clk          ; clk         ; 0.000        ; 0.089      ; 0.674      ;
; 0.399 ; can_mac_pcs_fce:u_dut|can_mac:u_mac|can_mac_fsm:u_can_mac_fsm|llc_frame[27][6] ; can_mac_pcs_fce:u_dut|can_mac:u_mac|can_mac_fsm:u_can_mac_fsm|llc_frame[27][6]    ; clk          ; clk         ; 0.000        ; 0.089      ; 0.674      ;
; 0.399 ; can_mac_pcs_fce:u_dut|can_mac:u_mac|can_mac_fsm:u_can_mac_fsm|llc_frame[24][6] ; can_mac_pcs_fce:u_dut|can_mac:u_mac|can_mac_fsm:u_can_mac_fsm|llc_frame[24][6]    ; clk          ; clk         ; 0.000        ; 0.089      ; 0.674      ;
; 0.399 ; can_mac_pcs_fce:u_dut|can_mac:u_mac|can_mac_fsm:u_can_mac_fsm|llc_frame[9][6]  ; can_mac_pcs_fce:u_dut|can_mac:u_mac|can_mac_fsm:u_can_mac_fsm|llc_frame[9][6]     ; clk          ; clk         ; 0.000        ; 0.089      ; 0.674      ;
; 0.399 ; can_mac_pcs_fce:u_dut|can_mac:u_mac|can_mac_fsm:u_can_mac_fsm|llc_frame[13][6] ; can_mac_pcs_fce:u_dut|can_mac:u_mac|can_mac_fsm:u_can_mac_fsm|llc_frame[13][6]    ; clk          ; clk         ; 0.000        ; 0.089      ; 0.674      ;
; 0.399 ; can_mac_pcs_fce:u_dut|can_mac:u_mac|can_mac_fsm:u_can_mac_fsm|llc_frame[4][6]  ; can_mac_pcs_fce:u_dut|can_mac:u_mac|can_mac_fsm:u_can_mac_fsm|llc_frame[4][6]     ; clk          ; clk         ; 0.000        ; 0.089      ; 0.674      ;
; 0.399 ; can_mac_pcs_fce:u_dut|can_mac:u_mac|can_mac_fsm:u_can_mac_fsm|llc_frame[5][6]  ; can_mac_pcs_fce:u_dut|can_mac:u_mac|can_mac_fsm:u_can_mac_fsm|llc_frame[5][6]     ; clk          ; clk         ; 0.000        ; 0.089      ; 0.674      ;
; 0.399 ; can_mac_pcs_fce:u_dut|can_mac:u_mac|can_mac_fsm:u_can_mac_fsm|llc_frame[12][6] ; can_mac_pcs_fce:u_dut|can_mac:u_mac|can_mac_fsm:u_can_mac_fsm|llc_frame[12][6]    ; clk          ; clk         ; 0.000        ; 0.089      ; 0.674      ;
; 0.399 ; can_mac_pcs_fce:u_dut|can_mac:u_mac|can_mac_fsm:u_can_mac_fsm|state.s_crc      ; can_mac_pcs_fce:u_dut|can_mac:u_mac|can_mac_fsm:u_can_mac_fsm|state.s_crc         ; clk          ; clk         ; 0.000        ; 0.089      ; 0.674      ;
; 0.400 ; can_mac_pcs_fce:u_dut|can_mac:u_mac|can_mac_fsm:u_can_mac_fsm|llc_frame[2][1]  ; can_mac_pcs_fce:u_dut|can_mac:u_mac|can_mac_fsm:u_can_mac_fsm|llc_frame[2][1]     ; clk          ; clk         ; 0.000        ; 0.088      ; 0.674      ;
; 0.400 ; can_mac_pcs_fce:u_dut|can_mac:u_mac|can_mac_fsm:u_can_mac_fsm|llc_frame[54][1] ; can_mac_pcs_fce:u_dut|can_mac:u_mac|can_mac_fsm:u_can_mac_fsm|llc_frame[54][1]    ; clk          ; clk         ; 0.000        ; 0.088      ; 0.674      ;
; 0.400 ; can_mac_pcs_fce:u_dut|can_mac:u_mac|can_mac_fsm:u_can_mac_fsm|llc_frame[58][3] ; can_mac_pcs_fce:u_dut|can_mac:u_mac|can_mac_fsm:u_can_mac_fsm|llc_frame[58][3]    ; clk          ; clk         ; 0.000        ; 0.088      ; 0.674      ;
; 0.400 ; can_mac_pcs_fce:u_dut|can_mac:u_mac|can_mac_fsm:u_can_mac_fsm|llc_frame[10][1] ; can_mac_pcs_fce:u_dut|can_mac:u_mac|can_mac_fsm:u_can_mac_fsm|llc_frame[10][1]    ; clk          ; clk         ; 0.000        ; 0.088      ; 0.674      ;
; 0.400 ; can_mac_pcs_fce:u_dut|can_mac:u_mac|can_mac_fsm:u_can_mac_fsm|llc_frame[41][5] ; can_mac_pcs_fce:u_dut|can_mac:u_mac|can_mac_fsm:u_can_mac_fsm|llc_frame[41][5]    ; clk          ; clk         ; 0.000        ; 0.088      ; 0.674      ;
; 0.400 ; can_mac_pcs_fce:u_dut|can_mac:u_mac|can_mac_fsm:u_can_mac_fsm|llc_frame[67][0] ; can_mac_pcs_fce:u_dut|can_mac:u_mac|can_mac_fsm:u_can_mac_fsm|llc_frame[67][0]    ; clk          ; clk         ; 0.000        ; 0.088      ; 0.674      ;
; 0.400 ; can_mac_pcs_fce:u_dut|can_mac:u_mac|can_mac_fsm:u_can_mac_fsm|llc_frame[43][3] ; can_mac_pcs_fce:u_dut|can_mac:u_mac|can_mac_fsm:u_can_mac_fsm|llc_frame[43][3]    ; clk          ; clk         ; 0.000        ; 0.088      ; 0.674      ;
; 0.400 ; can_mac_pcs_fce:u_dut|can_mac:u_mac|can_mac_fsm:u_can_mac_fsm|llc_frame[66][3] ; can_mac_pcs_fce:u_dut|can_mac:u_mac|can_mac_fsm:u_can_mac_fsm|llc_frame[66][3]    ; clk          ; clk         ; 0.000        ; 0.088      ; 0.674      ;
; 0.400 ; can_mac_pcs_fce:u_dut|can_mac:u_mac|can_mac_fsm:u_can_mac_fsm|llc_frame[55][5] ; can_mac_pcs_fce:u_dut|can_mac:u_mac|can_mac_fsm:u_can_mac_fsm|llc_frame[55][5]    ; clk          ; clk         ; 0.000        ; 0.088      ; 0.674      ;
; 0.400 ; can_mac_pcs_fce:u_dut|can_mac:u_mac|can_mac_fsm:u_can_mac_fsm|llc_frame[30][1] ; can_mac_pcs_fce:u_dut|can_mac:u_mac|can_mac_fsm:u_can_mac_fsm|llc_frame[30][1]    ; clk          ; clk         ; 0.000        ; 0.088      ; 0.674      ;
; 0.400 ; can_mac_pcs_fce:u_dut|can_mac:u_mac|can_mac_fsm:u_can_mac_fsm|llc_frame[67][3] ; can_mac_pcs_fce:u_dut|can_mac:u_mac|can_mac_fsm:u_can_mac_fsm|llc_frame[67][3]    ; clk          ; clk         ; 0.000        ; 0.088      ; 0.674      ;
; 0.400 ; can_mac_pcs_fce:u_dut|can_mac:u_mac|can_mac_fsm:u_can_mac_fsm|llc_frame[64][3] ; can_mac_pcs_fce:u_dut|can_mac:u_mac|can_mac_fsm:u_can_mac_fsm|llc_frame[64][3]    ; clk          ; clk         ; 0.000        ; 0.088      ; 0.674      ;
; 0.400 ; can_mac_pcs_fce:u_dut|can_mac:u_mac|can_mac_fsm:u_can_mac_fsm|llc_frame[48][5] ; can_mac_pcs_fce:u_dut|can_mac:u_mac|can_mac_fsm:u_can_mac_fsm|llc_frame[48][5]    ; clk          ; clk         ; 0.000        ; 0.088      ; 0.674      ;
; 0.400 ; can_mac_pcs_fce:u_dut|can_mac:u_mac|can_mac_fsm:u_can_mac_fsm|llc_frame[64][1] ; can_mac_pcs_fce:u_dut|can_mac:u_mac|can_mac_fsm:u_can_mac_fsm|llc_frame[64][1]    ; clk          ; clk         ; 0.000        ; 0.088      ; 0.674      ;
; 0.400 ; can_mac_pcs_fce:u_dut|can_mac:u_mac|can_mac_fsm:u_can_mac_fsm|llc_frame[67][1] ; can_mac_pcs_fce:u_dut|can_mac:u_mac|can_mac_fsm:u_can_mac_fsm|llc_frame[67][1]    ; clk          ; clk         ; 0.000        ; 0.088      ; 0.674      ;
; 0.400 ; can_mac_pcs_fce:u_dut|can_mac:u_mac|can_mac_fsm:u_can_mac_fsm|llc_frame[59][3] ; can_mac_pcs_fce:u_dut|can_mac:u_mac|can_mac_fsm:u_can_mac_fsm|llc_frame[59][3]    ; clk          ; clk         ; 0.000        ; 0.088      ; 0.674      ;
; 0.400 ; can_mac_pcs_fce:u_dut|can_mac:u_mac|can_mac_fsm:u_can_mac_fsm|llc_frame[65][3] ; can_mac_pcs_fce:u_dut|can_mac:u_mac|can_mac_fsm:u_can_mac_fsm|llc_frame[65][3]    ; clk          ; clk         ; 0.000        ; 0.088      ; 0.674      ;
; 0.400 ; can_mac_pcs_fce:u_dut|can_mac:u_mac|can_mac_fsm:u_can_mac_fsm|llc_frame[9][5]  ; can_mac_pcs_fce:u_dut|can_mac:u_mac|can_mac_fsm:u_can_mac_fsm|llc_frame[9][5]     ; clk          ; clk         ; 0.000        ; 0.088      ; 0.674      ;
; 0.400 ; can_mac_pcs_fce:u_dut|can_mac:u_mac|can_mac_fsm:u_can_mac_fsm|llc_frame[66][5] ; can_mac_pcs_fce:u_dut|can_mac:u_mac|can_mac_fsm:u_can_mac_fsm|llc_frame[66][5]    ; clk          ; clk         ; 0.000        ; 0.088      ; 0.674      ;
; 0.400 ; can_mac_pcs_fce:u_dut|can_mac:u_mac|can_mac_fsm:u_can_mac_fsm|llc_frame[25][0] ; can_mac_pcs_fce:u_dut|can_mac:u_mac|can_mac_fsm:u_can_mac_fsm|llc_frame[25][0]    ; clk          ; clk         ; 0.000        ; 0.088      ; 0.674      ;
; 0.400 ; can_mac_pcs_fce:u_dut|can_mac:u_mac|can_mac_fsm:u_can_mac_fsm|llc_frame[8][5]  ; can_mac_pcs_fce:u_dut|can_mac:u_mac|can_mac_fsm:u_can_mac_fsm|llc_frame[8][5]     ; clk          ; clk         ; 0.000        ; 0.088      ; 0.674      ;
; 0.400 ; can_mac_pcs_fce:u_dut|can_mac:u_mac|can_mac_fsm:u_can_mac_fsm|llc_frame[13][3] ; can_mac_pcs_fce:u_dut|can_mac:u_mac|can_mac_fsm:u_can_mac_fsm|llc_frame[13][3]    ; clk          ; clk         ; 0.000        ; 0.088      ; 0.674      ;
; 0.400 ; can_mac_pcs_fce:u_dut|can_mac:u_mac|can_mac_fsm:u_can_mac_fsm|llc_frame[67][5] ; can_mac_pcs_fce:u_dut|can_mac:u_mac|can_mac_fsm:u_can_mac_fsm|llc_frame[67][5]    ; clk          ; clk         ; 0.000        ; 0.088      ; 0.674      ;
; 0.400 ; can_mac_pcs_fce:u_dut|can_mac:u_mac|can_mac_fsm:u_can_mac_fsm|llc_frame[66][1] ; can_mac_pcs_fce:u_dut|can_mac:u_mac|can_mac_fsm:u_can_mac_fsm|llc_frame[66][1]    ; clk          ; clk         ; 0.000        ; 0.088      ; 0.674      ;
; 0.400 ; can_mac_pcs_fce:u_dut|can_mac:u_mac|can_mac_fsm:u_can_mac_fsm|llc_frame[56][3] ; can_mac_pcs_fce:u_dut|can_mac:u_mac|can_mac_fsm:u_can_mac_fsm|llc_frame[56][3]    ; clk          ; clk         ; 0.000        ; 0.088      ; 0.674      ;
; 0.400 ; can_mac_pcs_fce:u_dut|can_mac:u_mac|can_mac_fsm:u_can_mac_fsm|llc_frame[19][5] ; can_mac_pcs_fce:u_dut|can_mac:u_mac|can_mac_fsm:u_can_mac_fsm|llc_frame[19][5]    ; clk          ; clk         ; 0.000        ; 0.088      ; 0.674      ;
; 0.400 ; can_mac_pcs_fce:u_dut|can_mac:u_mac|can_mac_fsm:u_can_mac_fsm|llc_frame[64][5] ; can_mac_pcs_fce:u_dut|can_mac:u_mac|can_mac_fsm:u_can_mac_fsm|llc_frame[64][5]    ; clk          ; clk         ; 0.000        ; 0.088      ; 0.674      ;
; 0.400 ; can_mac_pcs_fce:u_dut|can_mac:u_mac|can_mac_fsm:u_can_mac_fsm|llc_frame[5][3]  ; can_mac_pcs_fce:u_dut|can_mac:u_mac|can_mac_fsm:u_can_mac_fsm|llc_frame[5][3]     ; clk          ; clk         ; 0.000        ; 0.088      ; 0.674      ;
; 0.400 ; can_mac_pcs_fce:u_dut|can_mac:u_mac|can_mac_fsm:u_can_mac_fsm|llc_frame[48][2] ; can_mac_pcs_fce:u_dut|can_mac:u_mac|can_mac_fsm:u_can_mac_fsm|llc_frame[48][2]    ; clk          ; clk         ; 0.000        ; 0.088      ; 0.674      ;
; 0.400 ; can_mac_pcs_fce:u_dut|can_mac:u_mac|can_mac_fsm:u_can_mac_fsm|llc_frame[68][5] ; can_mac_pcs_fce:u_dut|can_mac:u_mac|can_mac_fsm:u_can_mac_fsm|llc_frame[68][5]    ; clk          ; clk         ; 0.000        ; 0.088      ; 0.674      ;
; 0.400 ; can_mac_pcs_fce:u_dut|can_mac:u_mac|can_mac_fsm:u_can_mac_fsm|llc_frame[5][0]  ; can_mac_pcs_fce:u_dut|can_mac:u_mac|can_mac_fsm:u_can_mac_fsm|llc_frame[5][0]     ; clk          ; clk         ; 0.000        ; 0.088      ; 0.674      ;
; 0.400 ; can_mac_pcs_fce:u_dut|can_mac:u_mac|can_mac_fsm:u_can_mac_fsm|llc_frame[23][4] ; can_mac_pcs_fce:u_dut|can_mac:u_mac|can_mac_fsm:u_can_mac_fsm|llc_frame[23][4]    ; clk          ; clk         ; 0.000        ; 0.088      ; 0.674      ;
; 0.400 ; can_mac_pcs_fce:u_dut|can_mac:u_mac|can_mac_fsm:u_can_mac_fsm|llc_frame[66][0] ; can_mac_pcs_fce:u_dut|can_mac:u_mac|can_mac_fsm:u_can_mac_fsm|llc_frame[66][0]    ; clk          ; clk         ; 0.000        ; 0.088      ; 0.674      ;
; 0.400 ; can_mac_pcs_fce:u_dut|can_mac:u_mac|can_mac_fsm:u_can_mac_fsm|llc_frame[32][3] ; can_mac_pcs_fce:u_dut|can_mac:u_mac|can_mac_fsm:u_can_mac_fsm|llc_frame[32][3]    ; clk          ; clk         ; 0.000        ; 0.088      ; 0.674      ;
; 0.400 ; can_mac_pcs_fce:u_dut|can_mac:u_mac|can_mac_fsm:u_can_mac_fsm|llc_frame[39][5] ; can_mac_pcs_fce:u_dut|can_mac:u_mac|can_mac_fsm:u_can_mac_fsm|llc_frame[39][5]    ; clk          ; clk         ; 0.000        ; 0.088      ; 0.674      ;
; 0.400 ; can_mac_pcs_fce:u_dut|can_mac:u_mac|can_mac_fsm:u_can_mac_fsm|llc_frame[7][0]  ; can_mac_pcs_fce:u_dut|can_mac:u_mac|can_mac_fsm:u_can_mac_fsm|llc_frame[7][0]     ; clk          ; clk         ; 0.000        ; 0.088      ; 0.674      ;
; 0.400 ; can_mac_pcs_fce:u_dut|can_mac:u_mac|can_mac_fsm:u_can_mac_fsm|llc_frame[13][0] ; can_mac_pcs_fce:u_dut|can_mac:u_mac|can_mac_fsm:u_can_mac_fsm|llc_frame[13][0]    ; clk          ; clk         ; 0.000        ; 0.088      ; 0.674      ;
; 0.400 ; can_mac_pcs_fce:u_dut|can_mac:u_mac|can_mac_fsm:u_can_mac_fsm|llc_frame[65][5] ; can_mac_pcs_fce:u_dut|can_mac:u_mac|can_mac_fsm:u_can_mac_fsm|llc_frame[65][5]    ; clk          ; clk         ; 0.000        ; 0.088      ; 0.674      ;
; 0.400 ; can_mac_pcs_fce:u_dut|can_mac:u_mac|can_mac_fsm:u_can_mac_fsm|llc_frame[27][0] ; can_mac_pcs_fce:u_dut|can_mac:u_mac|can_mac_fsm:u_can_mac_fsm|llc_frame[27][0]    ; clk          ; clk         ; 0.000        ; 0.088      ; 0.674      ;
; 0.400 ; can_mac_pcs_fce:u_dut|can_mac:u_mac|can_mac_fsm:u_can_mac_fsm|llc_frame[32][4] ; can_mac_pcs_fce:u_dut|can_mac:u_mac|can_mac_fsm:u_can_mac_fsm|llc_frame[32][4]    ; clk          ; clk         ; 0.000        ; 0.088      ; 0.674      ;
; 0.400 ; can_mac_pcs_fce:u_dut|can_mac:u_mac|can_mac_fsm:u_can_mac_fsm|llc_frame[3][0]  ; can_mac_pcs_fce:u_dut|can_mac:u_mac|can_mac_fsm:u_can_mac_fsm|llc_frame[3][0]     ; clk          ; clk         ; 0.000        ; 0.088      ; 0.674      ;
; 0.400 ; can_mac_pcs_fce:u_dut|can_mac:u_mac|can_mac_fsm:u_can_mac_fsm|llc_frame[63][4] ; can_mac_pcs_fce:u_dut|can_mac:u_mac|can_mac_fsm:u_can_mac_fsm|llc_frame[63][4]    ; clk          ; clk         ; 0.000        ; 0.088      ; 0.674      ;
; 0.400 ; can_mac_pcs_fce:u_dut|can_mac:u_mac|can_mac_fsm:u_can_mac_fsm|llc_frame[15][0] ; can_mac_pcs_fce:u_dut|can_mac:u_mac|can_mac_fsm:u_can_mac_fsm|llc_frame[15][0]    ; clk          ; clk         ; 0.000        ; 0.088      ; 0.674      ;
; 0.400 ; can_mac_pcs_fce:u_dut|can_mac:u_mac|can_mac_fsm:u_can_mac_fsm|llc_frame[55][0] ; can_mac_pcs_fce:u_dut|can_mac:u_mac|can_mac_fsm:u_can_mac_fsm|llc_frame[55][0]    ; clk          ; clk         ; 0.000        ; 0.088      ; 0.674      ;
; 0.400 ; can_mac_pcs_fce:u_dut|can_mac:u_mac|can_mac_fsm:u_can_mac_fsm|llc_frame[47][0] ; can_mac_pcs_fce:u_dut|can_mac:u_mac|can_mac_fsm:u_can_mac_fsm|llc_frame[47][0]    ; clk          ; clk         ; 0.000        ; 0.088      ; 0.674      ;
; 0.400 ; can_mac_pcs_fce:u_dut|can_mac:u_mac|can_mac_fsm:u_can_mac_fsm|llc_frame[21][4] ; can_mac_pcs_fce:u_dut|can_mac:u_mac|can_mac_fsm:u_can_mac_fsm|llc_frame[21][4]    ; clk          ; clk         ; 0.000        ; 0.088      ; 0.674      ;
; 0.400 ; can_mac_pcs_fce:u_dut|can_mac:u_mac|can_mac_fsm:u_can_mac_fsm|llc_frame[68][0] ; can_mac_pcs_fce:u_dut|can_mac:u_mac|can_mac_fsm:u_can_mac_fsm|llc_frame[68][0]    ; clk          ; clk         ; 0.000        ; 0.088      ; 0.674      ;
; 0.400 ; can_mac_pcs_fce:u_dut|can_mac:u_mac|can_mac_fsm:u_can_mac_fsm|llc_frame[13][4] ; can_mac_pcs_fce:u_dut|can_mac:u_mac|can_mac_fsm:u_can_mac_fsm|llc_frame[13][4]    ; clk          ; clk         ; 0.000        ; 0.088      ; 0.674      ;
; 0.400 ; can_mac_pcs_fce:u_dut|can_mac:u_mac|can_mac_fsm:u_can_mac_fsm|llc_frame[0][4]  ; can_mac_pcs_fce:u_dut|can_mac:u_mac|can_mac_fsm:u_can_mac_fsm|llc_frame[0][4]     ; clk          ; clk         ; 0.000        ; 0.088      ; 0.674      ;
; 0.400 ; can_mac_pcs_fce:u_dut|can_mac:u_mac|can_mac_fsm:u_can_mac_fsm|llc_frame[48][0] ; can_mac_pcs_fce:u_dut|can_mac:u_mac|can_mac_fsm:u_can_mac_fsm|llc_frame[48][0]    ; clk          ; clk         ; 0.000        ; 0.088      ; 0.674      ;
; 0.400 ; can_mac_pcs_fce:u_dut|can_mac:u_mac|can_mac_fsm:u_can_mac_fsm|llc_frame[22][2] ; can_mac_pcs_fce:u_dut|can_mac:u_mac|can_mac_fsm:u_can_mac_fsm|llc_frame[22][2]    ; clk          ; clk         ; 0.000        ; 0.088      ; 0.674      ;
; 0.400 ; can_mac_pcs_fce:u_dut|can_mac:u_mac|can_mac_fsm:u_can_mac_fsm|llc_frame[37][4] ; can_mac_pcs_fce:u_dut|can_mac:u_mac|can_mac_fsm:u_can_mac_fsm|llc_frame[37][4]    ; clk          ; clk         ; 0.000        ; 0.088      ; 0.674      ;
; 0.400 ; can_mac_pcs_fce:u_dut|can_mac:u_mac|can_mac_fsm:u_can_mac_fsm|llc_frame[42][4] ; can_mac_pcs_fce:u_dut|can_mac:u_mac|can_mac_fsm:u_can_mac_fsm|llc_frame[42][4]    ; clk          ; clk         ; 0.000        ; 0.088      ; 0.674      ;
; 0.400 ; can_mac_pcs_fce:u_dut|can_mac:u_mac|can_mac_fsm:u_can_mac_fsm|llc_frame[45][4] ; can_mac_pcs_fce:u_dut|can_mac:u_mac|can_mac_fsm:u_can_mac_fsm|llc_frame[45][4]    ; clk          ; clk         ; 0.000        ; 0.088      ; 0.674      ;
; 0.400 ; can_mac_pcs_fce:u_dut|can_mac:u_mac|can_mac_fsm:u_can_mac_fsm|llc_frame[46][2] ; can_mac_pcs_fce:u_dut|can_mac:u_mac|can_mac_fsm:u_can_mac_fsm|llc_frame[46][2]    ; clk          ; clk         ; 0.000        ; 0.088      ; 0.674      ;
; 0.400 ; can_mac_pcs_fce:u_dut|can_mac:u_mac|can_mac_fsm:u_can_mac_fsm|llc_frame[41][4] ; can_mac_pcs_fce:u_dut|can_mac:u_mac|can_mac_fsm:u_can_mac_fsm|llc_frame[41][4]    ; clk          ; clk         ; 0.000        ; 0.088      ; 0.674      ;
; 0.400 ; can_mac_pcs_fce:u_dut|can_pcs:u_pcs|segment.s_phase_seg2                       ; can_mac_pcs_fce:u_dut|can_pcs:u_pcs|segment.s_phase_seg2                          ; clk          ; clk         ; 0.000        ; 0.088      ; 0.674      ;
; 0.400 ; can_mac_pcs_fce:u_dut|can_mac:u_mac|can_mac_fsm:u_can_mac_fsm|llc_frame[59][0] ; can_mac_pcs_fce:u_dut|can_mac:u_mac|can_mac_fsm:u_can_mac_fsm|llc_frame[59][0]    ; clk          ; clk         ; 0.000        ; 0.088      ; 0.674      ;
; 0.400 ; can_mac_pcs_fce:u_dut|can_mac:u_mac|can_mac_fsm:u_can_mac_fsm|llc_frame[28][0] ; can_mac_pcs_fce:u_dut|can_mac:u_mac|can_mac_fsm:u_can_mac_fsm|llc_frame[28][0]    ; clk          ; clk         ; 0.000        ; 0.088      ; 0.674      ;
; 0.400 ; can_mac_pcs_fce:u_dut|can_mac:u_mac|can_mac_fsm:u_can_mac_fsm|llc_frame[69][0] ; can_mac_pcs_fce:u_dut|can_mac:u_mac|can_mac_fsm:u_can_mac_fsm|llc_frame[69][0]    ; clk          ; clk         ; 0.000        ; 0.088      ; 0.674      ;
; 0.400 ; can_mac_pcs_fce:u_dut|can_mac:u_mac|can_mac_fsm:u_can_mac_fsm|llc_frame[2][4]  ; can_mac_pcs_fce:u_dut|can_mac:u_mac|can_mac_fsm:u_can_mac_fsm|llc_frame[2][4]     ; clk          ; clk         ; 0.000        ; 0.088      ; 0.674      ;
; 0.400 ; can_mac_pcs_fce:u_dut|can_mac:u_mac|can_mac_fsm:u_can_mac_fsm|llc_frame[16][4] ; can_mac_pcs_fce:u_dut|can_mac:u_mac|can_mac_fsm:u_can_mac_fsm|llc_frame[16][4]    ; clk          ; clk         ; 0.000        ; 0.088      ; 0.674      ;
+-------+--------------------------------------------------------------------------------+-----------------------------------------------------------------------------------+--------------+-------------+--------------+------------+------------+


------------------------------------------------
; Slow 1200mV 100C Model Metastability Summary ;
------------------------------------------------
No synchronizer chains to report.


+--------------------------------------------------+
; Slow 1200mV -40C Model Fmax Summary              ;
+------------+-----------------+------------+------+
; Fmax       ; Restricted Fmax ; Clock Name ; Note ;
+------------+-----------------+------------+------+
; 151.58 MHz ; 151.58 MHz      ; clk        ;      ;
+------------+-----------------+------------+------+
This panel reports FMAX for every clock in the design, regardless of the user-specified clock periods.  FMAX is only computed for paths where the source and destination registers or ports are driven by the same clock.  Paths of different clocks, including generated clocks, are ignored.  For paths between a clock and its inversion, FMAX is computed as if the rising and falling edges are scaled along with FMAX, such that the duty cycle (in terms of a percentage) is maintained. Altera recommends that you always use clock constraints and other slack reports for sign-off analysis.


+--------------------------------------+
; Slow 1200mV -40C Model Setup Summary ;
+-------+--------+---------------------+
; Clock ; Slack  ; End Point TNS       ;
+-------+--------+---------------------+
; clk   ; -0.597 ; -8.668              ;
+-------+--------+---------------------+


+-------------------------------------+
; Slow 1200mV -40C Model Hold Summary ;
+-------+-------+---------------------+
; Clock ; Slack ; End Point TNS       ;
+-------+-------+---------------------+
; clk   ; 0.328 ; 0.000               ;
+-------+-------+---------------------+


-------------------------------------------
; Slow 1200mV -40C Model Recovery Summary ;
-------------------------------------------
No paths to report.


------------------------------------------
; Slow 1200mV -40C Model Removal Summary ;
------------------------------------------
No paths to report.


+----------------------------------------------------+
; Slow 1200mV -40C Model Minimum Pulse Width Summary ;
+-------+-------+------------------------------------+
; Clock ; Slack ; End Point TNS                      ;
+-------+-------+------------------------------------+
; clk   ; 2.621 ; 0.000                              ;
+-------+-------+------------------------------------+


+---------------------------------------------------------------------------------------------------------------------------------------------------------------------------------------------------------------------------------------------------------------------------+
; Slow 1200mV -40C Model Setup: 'clk'                                                                                                                                                                                                                                       ;
+--------+---------------------------------------------------------------------------------------------+----------------------------------------------------------------------------------------------+--------------+-------------+--------------+------------+------------+
; Slack  ; From Node                                                                                   ; To Node                                                                                      ; Launch Clock ; Latch Clock ; Relationship ; Clock Skew ; Data Delay ;
+--------+---------------------------------------------------------------------------------------------+----------------------------------------------------------------------------------------------+--------------+-------------+--------------+------------+------------+
; -0.597 ; can_mac_pcs_fce:u_dut|can_mac:u_mac|can_mac_fsm:u_can_mac_fsm|bit_count[2]                  ; can_mac_pcs_fce:u_dut|can_mac:u_mac|can_mac_fsm:u_can_mac_fsm|state.s_arbitration            ; clk          ; clk         ; 6.000        ; -0.053     ; 6.544      ;
; -0.532 ; can_mac_pcs_fce:u_dut|can_mac:u_mac|can_mac_fsm:u_can_mac_fsm|crc_length[0]                 ; can_mac_pcs_fce:u_dut|can_mac:u_mac|can_mac_fsm:u_can_mac_fsm|state.s_arbitration            ; clk          ; clk         ; 6.000        ; -0.070     ; 6.462      ;
; -0.495 ; can_mac_pcs_fce:u_dut|can_mac:u_mac|can_mac_fsm:u_can_mac_fsm|bit_count[5]                  ; can_mac_pcs_fce:u_dut|can_mac:u_mac|can_mac_fsm:u_can_mac_fsm|state.s_arbitration            ; clk          ; clk         ; 6.000        ; -0.053     ; 6.442      ;
; -0.486 ; can_mac_pcs_fce:u_dut|can_mac:u_mac|can_mac_fsm:u_can_mac_fsm|bit_count[7]                  ; can_mac_pcs_fce:u_dut|can_mac:u_mac|can_mac_fsm:u_can_mac_fsm|state.s_arbitration            ; clk          ; clk         ; 6.000        ; -0.053     ; 6.433      ;
; -0.479 ; can_mac_pcs_fce:u_dut|can_mac:u_mac|can_mac_fsm:u_can_mac_fsm|in_data_phase                 ; can_mac_pcs_fce:u_dut|can_mac:u_mac|can_mac_fsm:u_can_mac_fsm|state.s_arbitration            ; clk          ; clk         ; 6.000        ; -0.063     ; 6.416      ;
; -0.457 ; can_mac_pcs_fce:u_dut|can_mac:u_mac|can_mac_fsm:u_can_mac_fsm|in_data_phase                 ; can_mac_pcs_fce:u_dut|can_mac:u_mac|can_mac_fsm:u_can_mac_fsm|bit_count[0]                   ; clk          ; clk         ; 6.000        ; -0.070     ; 6.387      ;
; -0.396 ; can_mac_pcs_fce:u_dut|can_mac:u_mac|can_mac_fsm:u_can_mac_fsm|bit_count[1]                  ; can_mac_pcs_fce:u_dut|can_mac:u_mac|can_mac_fsm:u_can_mac_fsm|state.s_arbitration            ; clk          ; clk         ; 6.000        ; -0.053     ; 6.343      ;
; -0.396 ; can_mac_pcs_fce:u_dut|can_mac:u_mac|can_mac_fsm:u_can_mac_fsm|state.s_bus_reintegration     ; can_mac_pcs_fce:u_dut|can_mac:u_mac|can_mac_fsm:u_can_mac_fsm|state.s_arbitration            ; clk          ; clk         ; 6.000        ; -0.439     ; 5.957      ;
; -0.395 ; can_mac_pcs_fce:u_dut|can_mac:u_mac|can_mac_fsm:u_can_mac_fsm|state.s_brs                   ; can_mac_pcs_fce:u_dut|can_mac:u_mac|can_mac_fsm:u_can_mac_fsm|state.s_arbitration            ; clk          ; clk         ; 6.000        ; -0.072     ; 6.323      ;
; -0.388 ; can_mac_pcs_fce:u_dut|can_mac:u_mac|can_mac_fsm:u_can_mac_fsm|state.s_res_r0                ; can_mac_pcs_fce:u_dut|can_mac:u_mac|can_mac_fsm:u_can_mac_fsm|state.s_arbitration            ; clk          ; clk         ; 6.000        ; -0.072     ; 6.316      ;
; -0.382 ; can_mac_pcs_fce:u_dut|can_mac:u_mac|can_mac_fsm:u_can_mac_fsm|state.s_arbitration           ; can_mac_pcs_fce:u_dut|can_mac:u_mac|can_mac_fsm:u_can_mac_fsm|state.s_arbitration            ; clk          ; clk         ; 6.000        ; -0.061     ; 6.321      ;
; -0.382 ; can_mac_pcs_fce:u_dut|can_mac:u_mac|can_mac_fsm:u_can_mac_fsm|state.s_brs                   ; can_mac_pcs_fce:u_dut|can_mac:u_mac|can_mac_fsm:u_can_mac_fsm|state.s_intermission           ; clk          ; clk         ; 6.000        ; -0.074     ; 6.308      ;
; -0.379 ; can_mac_pcs_fce:u_dut|can_mac:u_mac|can_mac_fsm:u_can_mac_fsm|state.s_arbitration           ; can_mac_pcs_fce:u_dut|can_mac:u_mac|can_mac_fsm:u_can_mac_fsm|bit_count[0]                   ; clk          ; clk         ; 6.000        ; -0.068     ; 6.311      ;
; -0.375 ; can_mac_pcs_fce:u_dut|can_mac:u_mac|can_mac_fsm:u_can_mac_fsm|state.s_res_r0                ; can_mac_pcs_fce:u_dut|can_mac:u_mac|can_mac_fsm:u_can_mac_fsm|state.s_intermission           ; clk          ; clk         ; 6.000        ; -0.074     ; 6.301      ;
; -0.359 ; can_mac_pcs_fce:u_dut|can_mac:u_mac|can_mac_fsm:u_can_mac_fsm|crc_length[2]                 ; can_mac_pcs_fce:u_dut|can_mac:u_mac|can_mac_fsm:u_can_mac_fsm|state.s_arbitration            ; clk          ; clk         ; 6.000        ; -0.070     ; 6.289      ;
; -0.359 ; can_mac_pcs_fce:u_dut|can_mac:u_mac|can_mac_fsm:u_can_mac_fsm|in_data_phase                 ; can_mac_pcs_fce:u_dut|can_mac:u_mac|can_mac_fsm:u_can_mac_fsm|crc_length[1]                  ; clk          ; clk         ; 6.000        ; -0.057     ; 6.302      ;
; -0.357 ; can_mac_pcs_fce:u_dut|can_mac:u_mac|can_mac_fsm:u_can_mac_fsm|bit_count[0]                  ; can_mac_pcs_fce:u_dut|can_mac:u_mac|can_mac_fsm:u_can_mac_fsm|state.s_arbitration            ; clk          ; clk         ; 6.000        ; -0.054     ; 6.303      ;
; -0.346 ; can_mac_pcs_fce:u_dut|can_mac:u_mac|can_mac_fsm:u_can_mac_fsm|data_len[1]                   ; can_mac_pcs_fce:u_dut|can_mac:u_mac|can_mac_fsm:u_can_mac_fsm|state.s_arbitration            ; clk          ; clk         ; 6.000        ; -0.071     ; 6.275      ;
; -0.345 ; can_mac_pcs_fce:u_dut|can_mac:u_mac|can_mac_fsm:u_can_mac_fsm|bit_count[6]                  ; can_mac_pcs_fce:u_dut|can_mac:u_mac|can_mac_fsm:u_can_mac_fsm|state.s_arbitration            ; clk          ; clk         ; 6.000        ; -0.053     ; 6.292      ;
; -0.318 ; can_mac_pcs_fce:u_dut|can_mac:u_mac|can_mac_fsm:u_can_mac_fsm|in_data_phase                 ; can_mac_pcs_fce:u_dut|can_mac:u_mac|can_mac_fsm:u_can_mac_fsm|data_len[4]                    ; clk          ; clk         ; 6.000        ; -0.068     ; 6.250      ;
; -0.315 ; can_mac_pcs_fce:u_dut|can_mac:u_mac|can_mac_fsm:u_can_mac_fsm|bit_count[2]                  ; can_mac_pcs_fce:u_dut|can_mac:u_mac|can_mac_fsm:u_can_mac_fsm|state.s_error_flag             ; clk          ; clk         ; 6.000        ; 0.311      ; 6.626      ;
; -0.300 ; can_mac_pcs_fce:u_dut|can_mac:u_mac|can_mac_fsm:u_can_mac_fsm|bit_count[2]                  ; can_mac_pcs_fce:u_dut|can_mac:u_mac|can_mac_fsm:u_can_mac_fsm|state.s_error_delimiter        ; clk          ; clk         ; 6.000        ; -0.055     ; 6.245      ;
; -0.298 ; can_mac_pcs_fce:u_dut|can_mac:u_mac|can_mac_fsm:u_can_mac_fsm|bit_count[2]                  ; can_mac_pcs_fce:u_dut|can_mac:u_mac|can_mac_fsm:u_can_mac_fsm|state.s_intermission           ; clk          ; clk         ; 6.000        ; -0.055     ; 6.243      ;
; -0.297 ; can_mac_pcs_fce:u_dut|can_mac:u_mac|can_mac_fsm:u_can_mac_fsm|crc_length[1]                 ; can_mac_pcs_fce:u_dut|can_mac:u_mac|can_mac_fsm:u_can_mac_fsm|state.s_arbitration            ; clk          ; clk         ; 6.000        ; -0.080     ; 6.217      ;
; -0.291 ; can_mac_pcs_fce:u_dut|can_mac:u_mac|can_mac_fsm:u_can_mac_fsm|bit_count[2]                  ; can_mac_pcs_fce:u_dut|can_mac:u_mac|can_mac_fsm:u_can_mac_fsm|state.s_ack_delimiter          ; clk          ; clk         ; 6.000        ; -0.055     ; 6.236      ;
; -0.287 ; can_mac_pcs_fce:u_dut|can_mac:u_mac|can_mac_fsm:u_can_mac_fsm|state.s_bus_reintegration     ; can_mac_pcs_fce:u_dut|can_mac:u_mac|can_mac_fsm:u_can_mac_fsm|bit_count[0]                   ; clk          ; clk         ; 6.000        ; -0.446     ; 5.841      ;
; -0.287 ; can_mac_pcs_fce:u_dut|can_mac:u_mac|can_mac_fsm:u_can_mac_fsm|bit_count[1]                  ; can_mac_pcs_fce:u_dut|can_mac:u_mac|can_mac_fsm:u_can_mac_fsm|transmitted_bits_shift_reg[0]  ; clk          ; clk         ; 6.000        ; -0.044     ; 6.243      ;
; -0.281 ; can_mac_pcs_fce:u_dut|can_pcs:u_pcs|mac_o.rx_data                                           ; can_mac_pcs_fce:u_dut|can_mac:u_mac|can_mac_fsm:u_can_mac_fsm|state.s_arbitration            ; clk          ; clk         ; 6.000        ; -0.057     ; 6.224      ;
; -0.281 ; can_mac_pcs_fce:u_dut|can_mac:u_mac|can_mac_fsm:u_can_mac_fsm|state.s_arbitration           ; can_mac_pcs_fce:u_dut|can_mac:u_mac|can_mac_fsm:u_can_mac_fsm|crc_length[1]                  ; clk          ; clk         ; 6.000        ; -0.055     ; 6.226      ;
; -0.275 ; can_mac_pcs_fce:u_dut|can_mac:u_mac|can_mac_fsm:u_can_mac_fsm|in_data_phase                 ; can_mac_pcs_fce:u_dut|can_mac:u_mac|can_mac_fsm:u_can_mac_fsm|bit_count[3]                   ; clk          ; clk         ; 6.000        ; -0.071     ; 6.204      ;
; -0.275 ; can_mac_pcs_fce:u_dut|can_mac:u_mac|can_mac_fsm:u_can_mac_fsm|in_data_phase                 ; can_mac_pcs_fce:u_dut|can_mac:u_mac|can_mac_fsm:u_can_mac_fsm|bit_count[4]                   ; clk          ; clk         ; 6.000        ; -0.071     ; 6.204      ;
; -0.275 ; can_mac_pcs_fce:u_dut|can_mac:u_mac|can_mac_fsm:u_can_mac_fsm|in_data_phase                 ; can_mac_pcs_fce:u_dut|can_mac:u_mac|can_mac_fsm:u_can_mac_fsm|bit_count[8]                   ; clk          ; clk         ; 6.000        ; -0.071     ; 6.204      ;
; -0.275 ; can_mac_pcs_fce:u_dut|can_mac:u_mac|can_mac_fsm:u_can_mac_fsm|in_data_phase                 ; can_mac_pcs_fce:u_dut|can_mac:u_mac|can_mac_fsm:u_can_mac_fsm|bit_count[1]                   ; clk          ; clk         ; 6.000        ; -0.071     ; 6.204      ;
; -0.275 ; can_mac_pcs_fce:u_dut|can_mac:u_mac|can_mac_fsm:u_can_mac_fsm|in_data_phase                 ; can_mac_pcs_fce:u_dut|can_mac:u_mac|can_mac_fsm:u_can_mac_fsm|bit_count[9]                   ; clk          ; clk         ; 6.000        ; -0.071     ; 6.204      ;
; -0.275 ; can_mac_pcs_fce:u_dut|can_mac:u_mac|can_mac_fsm:u_can_mac_fsm|in_data_phase                 ; can_mac_pcs_fce:u_dut|can_mac:u_mac|can_mac_fsm:u_can_mac_fsm|bit_count[2]                   ; clk          ; clk         ; 6.000        ; -0.071     ; 6.204      ;
; -0.275 ; can_mac_pcs_fce:u_dut|can_mac:u_mac|can_mac_fsm:u_can_mac_fsm|in_data_phase                 ; can_mac_pcs_fce:u_dut|can_mac:u_mac|can_mac_fsm:u_can_mac_fsm|bit_count[7]                   ; clk          ; clk         ; 6.000        ; -0.071     ; 6.204      ;
; -0.275 ; can_mac_pcs_fce:u_dut|can_mac:u_mac|can_mac_fsm:u_can_mac_fsm|in_data_phase                 ; can_mac_pcs_fce:u_dut|can_mac:u_mac|can_mac_fsm:u_can_mac_fsm|bit_count[5]                   ; clk          ; clk         ; 6.000        ; -0.071     ; 6.204      ;
; -0.275 ; can_mac_pcs_fce:u_dut|can_mac:u_mac|can_mac_fsm:u_can_mac_fsm|in_data_phase                 ; can_mac_pcs_fce:u_dut|can_mac:u_mac|can_mac_fsm:u_can_mac_fsm|bit_count[6]                   ; clk          ; clk         ; 6.000        ; -0.071     ; 6.204      ;
; -0.267 ; can_mac_pcs_fce:u_dut|can_mac:u_mac|can_mac_fsm:u_can_mac_fsm|state.s_brs                   ; can_mac_pcs_fce:u_dut|can_mac:u_mac|can_mac_fsm:u_can_mac_fsm|state.s_ack_delimiter          ; clk          ; clk         ; 6.000        ; -0.074     ; 6.193      ;
; -0.262 ; can_mac_pcs_fce:u_dut|can_mac:u_mac|can_mac_fsm:u_can_mac_fsm|state.s_bus_reintegration     ; can_mac_pcs_fce:u_dut|can_mac:u_mac|can_mac_fsm:u_can_mac_fsm|crc_length[1]                  ; clk          ; clk         ; 6.000        ; -0.433     ; 5.829      ;
; -0.260 ; can_mac_pcs_fce:u_dut|can_mac:u_mac|can_mac_fsm:u_can_mac_fsm|state.s_res_r0                ; can_mac_pcs_fce:u_dut|can_mac:u_mac|can_mac_fsm:u_can_mac_fsm|state.s_ack_delimiter          ; clk          ; clk         ; 6.000        ; -0.074     ; 6.186      ;
; -0.258 ; can_mac_pcs_fce:u_dut|can_mac:u_mac|can_mac_fsm:u_can_mac_fsm|in_data_phase                 ; can_mac_pcs_fce:u_dut|can_mac:u_mac|can_mac_fsm:u_can_mac_fsm|state.s_sbc                    ; clk          ; clk         ; 6.000        ; -0.064     ; 6.194      ;
; -0.252 ; can_mac_pcs_fce:u_dut|can_mac:u_mac|can_mac_fsm:u_can_mac_fsm|transmitted_bits_shift_reg[0] ; can_mac_pcs_fce:u_dut|can_mac:u_mac|can_mac_fsm:u_can_mac_fsm|state.s_arbitration            ; clk          ; clk         ; 6.000        ; -0.071     ; 6.181      ;
; -0.252 ; can_mac_pcs_fce:u_dut|can_mac:u_mac|can_mac_fsm:u_can_mac_fsm|stream_index[2]               ; can_mac_pcs_fce:u_dut|can_mac:u_mac|can_mac_fsm:u_can_mac_fsm|llc_o.avalon_st_source.data[1] ; clk          ; clk         ; 6.000        ; -0.067     ; 6.185      ;
; -0.251 ; can_mac_pcs_fce:u_dut|can_mac:u_mac|can_mac_fsm:u_can_mac_fsm|state.s_brs                   ; can_mac_pcs_fce:u_dut|can_mac:u_mac|can_mac_fsm:u_can_mac_fsm|bit_count[0]                   ; clk          ; clk         ; 6.000        ; -0.079     ; 6.172      ;
; -0.250 ; can_mac_pcs_fce:u_dut|can_mac:u_mac|can_mac_fsm:u_can_mac_fsm|crc_length[0]                 ; can_mac_pcs_fce:u_dut|can_mac:u_mac|can_mac_fsm:u_can_mac_fsm|state.s_error_flag             ; clk          ; clk         ; 6.000        ; 0.294      ; 6.544      ;
; -0.244 ; can_mac_pcs_fce:u_dut|can_pcs:u_pcs|mac_o.rx_data                                           ; can_mac_pcs_fce:u_dut|can_mac:u_mac|can_mac_fsm:u_can_mac_fsm|bit_count[0]                   ; clk          ; clk         ; 6.000        ; -0.064     ; 6.180      ;
; -0.244 ; can_mac_pcs_fce:u_dut|can_mac:u_mac|can_mac_fsm:u_can_mac_fsm|state.s_res_r0                ; can_mac_pcs_fce:u_dut|can_mac:u_mac|can_mac_fsm:u_can_mac_fsm|bit_count[0]                   ; clk          ; clk         ; 6.000        ; -0.079     ; 6.165      ;
; -0.243 ; can_mac_pcs_fce:u_dut|can_mac:u_mac|can_mac_fsm:u_can_mac_fsm|data_len[1]                   ; can_mac_pcs_fce:u_dut|can_mac:u_mac|can_mac_fsm:u_can_mac_fsm|state.s_intermission           ; clk          ; clk         ; 6.000        ; -0.073     ; 6.170      ;
; -0.240 ; can_mac_pcs_fce:u_dut|can_mac:u_mac|can_mac_fsm:u_can_mac_fsm|state.s_arbitration           ; can_mac_pcs_fce:u_dut|can_mac:u_mac|can_mac_fsm:u_can_mac_fsm|data_len[4]                    ; clk          ; clk         ; 6.000        ; -0.066     ; 6.174      ;
; -0.239 ; can_mac_pcs_fce:u_dut|can_mac:u_mac|can_mac_fsm:u_can_mac_fsm|bit_count[5]                  ; can_mac_pcs_fce:u_dut|can_mac:u_mac|can_mac_fsm:u_can_mac_fsm|state.s_intermission           ; clk          ; clk         ; 6.000        ; -0.055     ; 6.184      ;
; -0.238 ; can_mac_pcs_fce:u_dut|can_mac:u_mac|can_mac_fsm:u_can_mac_fsm|bit_count[8]                  ; can_mac_pcs_fce:u_dut|can_mac:u_mac|can_mac_fsm:u_can_mac_fsm|state.s_arbitration            ; clk          ; clk         ; 6.000        ; -0.053     ; 6.185      ;
; -0.235 ; can_mac_pcs_fce:u_dut|can_mac:u_mac|can_mac_fsm:u_can_mac_fsm|crc_length[0]                 ; can_mac_pcs_fce:u_dut|can_mac:u_mac|can_mac_fsm:u_can_mac_fsm|state.s_error_delimiter        ; clk          ; clk         ; 6.000        ; -0.072     ; 6.163      ;
; -0.233 ; can_mac_pcs_fce:u_dut|can_mac:u_mac|can_mac_fsm:u_can_mac_fsm|crc_length[0]                 ; can_mac_pcs_fce:u_dut|can_mac:u_mac|can_mac_fsm:u_can_mac_fsm|state.s_intermission           ; clk          ; clk         ; 6.000        ; -0.072     ; 6.161      ;
; -0.231 ; can_mac_pcs_fce:u_dut|can_mac:u_mac|can_mac_fsm:u_can_mac_fsm|state.s_suspend_transmission  ; can_mac_pcs_fce:u_dut|can_mac:u_mac|can_mac_fsm:u_can_mac_fsm|state.s_arbitration            ; clk          ; clk         ; 6.000        ; -0.481     ; 5.750      ;
; -0.230 ; can_mac_pcs_fce:u_dut|can_mac:u_mac|can_mac_fsm:u_can_mac_fsm|bit_count[7]                  ; can_mac_pcs_fce:u_dut|can_mac:u_mac|can_mac_fsm:u_can_mac_fsm|state.s_intermission           ; clk          ; clk         ; 6.000        ; -0.055     ; 6.175      ;
; -0.230 ; can_mac_pcs_fce:u_dut|can_mac:u_mac|can_mac_fsm:u_can_mac_fsm|state.s_res_r0                ; can_mac_pcs_fce:u_dut|can_mac:u_mac|can_mac_fsm:u_can_mac_fsm|bit_count[1]                   ; clk          ; clk         ; 6.000        ; -0.080     ; 6.150      ;
; -0.230 ; can_mac_pcs_fce:u_dut|can_mac:u_mac|can_mac_fsm:u_can_mac_fsm|state.s_res_r0                ; can_mac_pcs_fce:u_dut|can_mac:u_mac|can_mac_fsm:u_can_mac_fsm|bit_count[6]                   ; clk          ; clk         ; 6.000        ; -0.080     ; 6.150      ;
; -0.230 ; can_mac_pcs_fce:u_dut|can_mac:u_mac|can_mac_fsm:u_can_mac_fsm|state.s_res_r0                ; can_mac_pcs_fce:u_dut|can_mac:u_mac|can_mac_fsm:u_can_mac_fsm|bit_count[9]                   ; clk          ; clk         ; 6.000        ; -0.080     ; 6.150      ;
; -0.230 ; can_mac_pcs_fce:u_dut|can_mac:u_mac|can_mac_fsm:u_can_mac_fsm|state.s_res_r0                ; can_mac_pcs_fce:u_dut|can_mac:u_mac|can_mac_fsm:u_can_mac_fsm|bit_count[2]                   ; clk          ; clk         ; 6.000        ; -0.080     ; 6.150      ;
; -0.230 ; can_mac_pcs_fce:u_dut|can_mac:u_mac|can_mac_fsm:u_can_mac_fsm|state.s_res_r0                ; can_mac_pcs_fce:u_dut|can_mac:u_mac|can_mac_fsm:u_can_mac_fsm|bit_count[5]                   ; clk          ; clk         ; 6.000        ; -0.080     ; 6.150      ;
; -0.230 ; can_mac_pcs_fce:u_dut|can_mac:u_mac|can_mac_fsm:u_can_mac_fsm|state.s_res_r0                ; can_mac_pcs_fce:u_dut|can_mac:u_mac|can_mac_fsm:u_can_mac_fsm|bit_count[7]                   ; clk          ; clk         ; 6.000        ; -0.080     ; 6.150      ;
; -0.230 ; can_mac_pcs_fce:u_dut|can_mac:u_mac|can_mac_fsm:u_can_mac_fsm|state.s_res_r0                ; can_mac_pcs_fce:u_dut|can_mac:u_mac|can_mac_fsm:u_can_mac_fsm|bit_count[3]                   ; clk          ; clk         ; 6.000        ; -0.080     ; 6.150      ;
; -0.230 ; can_mac_pcs_fce:u_dut|can_mac:u_mac|can_mac_fsm:u_can_mac_fsm|state.s_res_r0                ; can_mac_pcs_fce:u_dut|can_mac:u_mac|can_mac_fsm:u_can_mac_fsm|bit_count[4]                   ; clk          ; clk         ; 6.000        ; -0.080     ; 6.150      ;
; -0.230 ; can_mac_pcs_fce:u_dut|can_mac:u_mac|can_mac_fsm:u_can_mac_fsm|state.s_res_r0                ; can_mac_pcs_fce:u_dut|can_mac:u_mac|can_mac_fsm:u_can_mac_fsm|bit_count[8]                   ; clk          ; clk         ; 6.000        ; -0.080     ; 6.150      ;
; -0.230 ; can_mac_pcs_fce:u_dut|can_mac:u_mac|can_mac_fsm:u_can_mac_fsm|bit_count[5]                  ; can_mac_pcs_fce:u_dut|can_mac:u_mac|can_mac_fsm:u_can_mac_fsm|state.s_ack_delimiter          ; clk          ; clk         ; 6.000        ; -0.055     ; 6.175      ;
; -0.229 ; can_mac_pcs_fce:u_dut|can_mac:u_mac|can_mac_fsm:u_can_mac_fsm|data_len[3]                   ; can_mac_pcs_fce:u_dut|can_mac:u_mac|can_mac_fsm:u_can_mac_fsm|state.s_arbitration            ; clk          ; clk         ; 6.000        ; -0.071     ; 6.158      ;
; -0.226 ; can_mac_pcs_fce:u_dut|can_mac:u_mac|can_mac_fsm:u_can_mac_fsm|bit_count[3]                  ; can_mac_pcs_fce:u_dut|can_mac:u_mac|can_mac_fsm:u_can_mac_fsm|state.s_arbitration            ; clk          ; clk         ; 6.000        ; -0.053     ; 6.173      ;
; -0.226 ; can_mac_pcs_fce:u_dut|can_mac:u_mac|can_mac_fsm:u_can_mac_fsm|crc_length[0]                 ; can_mac_pcs_fce:u_dut|can_mac:u_mac|can_mac_fsm:u_can_mac_fsm|state.s_ack_delimiter          ; clk          ; clk         ; 6.000        ; -0.072     ; 6.154      ;
; -0.225 ; can_mac_pcs_fce:u_dut|can_mac:u_mac|can_mac_fsm:u_can_mac_fsm|transmitted_bits_shift_reg[0] ; can_mac_pcs_fce:u_dut|can_mac:u_mac|can_mac_fsm:u_can_mac_fsm|bit_count[0]                   ; clk          ; clk         ; 6.000        ; -0.078     ; 6.147      ;
; -0.221 ; can_mac_pcs_fce:u_dut|can_mac:u_mac|can_mac_fsm:u_can_mac_fsm|bit_count[7]                  ; can_mac_pcs_fce:u_dut|can_mac:u_mac|can_mac_fsm:u_can_mac_fsm|state.s_ack_delimiter          ; clk          ; clk         ; 6.000        ; -0.055     ; 6.166      ;
; -0.217 ; can_mac_pcs_fce:u_dut|can_mac:u_mac|can_mac_fsm:u_can_mac_fsm|state.s_esi                   ; can_mac_pcs_fce:u_dut|can_mac:u_mac|can_mac_fsm:u_can_mac_fsm|state.s_arbitration            ; clk          ; clk         ; 6.000        ; -0.072     ; 6.145      ;
; -0.217 ; can_mac_pcs_fce:u_dut|can_mac:u_mac|can_mac_fsm:u_can_mac_fsm|bit_count[5]                  ; can_mac_pcs_fce:u_dut|can_mac:u_mac|can_mac_fsm:u_can_mac_fsm|state.s_error_flag             ; clk          ; clk         ; 6.000        ; 0.311      ; 6.528      ;
; -0.216 ; can_mac_pcs_fce:u_dut|can_mac:u_mac|can_mac_fsm:u_can_mac_fsm|drive_bit                     ; can_mac_pcs_fce:u_dut|can_mac:u_mac|can_mac_fsm:u_can_mac_fsm|state.s_arbitration            ; clk          ; clk         ; 6.000        ; -0.063     ; 6.153      ;
; -0.213 ; can_mac_pcs_fce:u_dut|can_mac:u_mac|can_mac_fsm:u_can_mac_fsm|state.s_bus_reintegration     ; can_mac_pcs_fce:u_dut|can_mac:u_mac|can_mac_fsm:u_can_mac_fsm|data_len[4]                    ; clk          ; clk         ; 6.000        ; -0.444     ; 5.769      ;
; -0.211 ; can_mac_pcs_fce:u_dut|can_mac:u_mac|can_mac_fsm:u_can_mac_fsm|state.s_eof                   ; can_mac_pcs_fce:u_dut|can_mac:u_mac|can_mac_fsm:u_can_mac_fsm|state.s_arbitration            ; clk          ; clk         ; 6.000        ; -0.468     ; 5.743      ;
; -0.208 ; can_mac_pcs_fce:u_dut|can_mac:u_mac|can_mac_fsm:u_can_mac_fsm|bit_count[7]                  ; can_mac_pcs_fce:u_dut|can_mac:u_mac|can_mac_fsm:u_can_mac_fsm|state.s_error_flag             ; clk          ; clk         ; 6.000        ; 0.311      ; 6.519      ;
; -0.204 ; can_mac_pcs_fce:u_dut|can_mac:u_mac|can_mac_fsm:u_can_mac_fsm|state.s_esi                   ; can_mac_pcs_fce:u_dut|can_mac:u_mac|can_mac_fsm:u_can_mac_fsm|state.s_intermission           ; clk          ; clk         ; 6.000        ; -0.074     ; 6.130      ;
; -0.200 ; can_mac_pcs_fce:u_dut|can_mac:u_mac|can_mac_fsm:u_can_mac_fsm|state.s_error_delimiter       ; can_mac_pcs_fce:u_dut|can_mac:u_mac|can_mac_fsm:u_can_mac_fsm|state.s_arbitration            ; clk          ; clk         ; 6.000        ; -0.059     ; 6.141      ;
; -0.197 ; can_mac_pcs_fce:u_dut|can_mac:u_mac|can_mac_fsm:u_can_mac_fsm|state.s_arbitration           ; can_mac_pcs_fce:u_dut|can_mac:u_mac|can_mac_fsm:u_can_mac_fsm|bit_count[5]                   ; clk          ; clk         ; 6.000        ; -0.069     ; 6.128      ;
; -0.197 ; can_mac_pcs_fce:u_dut|can_mac:u_mac|can_mac_fsm:u_can_mac_fsm|state.s_arbitration           ; can_mac_pcs_fce:u_dut|can_mac:u_mac|can_mac_fsm:u_can_mac_fsm|bit_count[6]                   ; clk          ; clk         ; 6.000        ; -0.069     ; 6.128      ;
; -0.197 ; can_mac_pcs_fce:u_dut|can_mac:u_mac|can_mac_fsm:u_can_mac_fsm|state.s_arbitration           ; can_mac_pcs_fce:u_dut|can_mac:u_mac|can_mac_fsm:u_can_mac_fsm|bit_count[7]                   ; clk          ; clk         ; 6.000        ; -0.069     ; 6.128      ;
; -0.197 ; can_mac_pcs_fce:u_dut|can_mac:u_mac|can_mac_fsm:u_can_mac_fsm|state.s_arbitration           ; can_mac_pcs_fce:u_dut|can_mac:u_mac|can_mac_fsm:u_can_mac_fsm|bit_count[2]                   ; clk          ; clk         ; 6.000        ; -0.069     ; 6.128      ;
; -0.197 ; can_mac_pcs_fce:u_dut|can_mac:u_mac|can_mac_fsm:u_can_mac_fsm|state.s_arbitration           ; can_mac_pcs_fce:u_dut|can_mac:u_mac|can_mac_fsm:u_can_mac_fsm|bit_count[8]                   ; clk          ; clk         ; 6.000        ; -0.069     ; 6.128      ;
; -0.197 ; can_mac_pcs_fce:u_dut|can_mac:u_mac|can_mac_fsm:u_can_mac_fsm|state.s_arbitration           ; can_mac_pcs_fce:u_dut|can_mac:u_mac|can_mac_fsm:u_can_mac_fsm|bit_count[1]                   ; clk          ; clk         ; 6.000        ; -0.069     ; 6.128      ;
; -0.197 ; can_mac_pcs_fce:u_dut|can_mac:u_mac|can_mac_fsm:u_can_mac_fsm|state.s_arbitration           ; can_mac_pcs_fce:u_dut|can_mac:u_mac|can_mac_fsm:u_can_mac_fsm|bit_count[9]                   ; clk          ; clk         ; 6.000        ; -0.069     ; 6.128      ;
; -0.197 ; can_mac_pcs_fce:u_dut|can_mac:u_mac|can_mac_fsm:u_can_mac_fsm|state.s_arbitration           ; can_mac_pcs_fce:u_dut|can_mac:u_mac|can_mac_fsm:u_can_mac_fsm|bit_count[4]                   ; clk          ; clk         ; 6.000        ; -0.069     ; 6.128      ;
; -0.197 ; can_mac_pcs_fce:u_dut|can_mac:u_mac|can_mac_fsm:u_can_mac_fsm|state.s_arbitration           ; can_mac_pcs_fce:u_dut|can_mac:u_mac|can_mac_fsm:u_can_mac_fsm|bit_count[3]                   ; clk          ; clk         ; 6.000        ; -0.069     ; 6.128      ;
; -0.197 ; can_mac_pcs_fce:u_dut|can_mac:u_mac|can_mac_bs:u_can_mac_bs|bs_o.valid                      ; can_mac_pcs_fce:u_dut|can_mac:u_mac|can_mac_fsm:u_can_mac_fsm|state.s_arbitration            ; clk          ; clk         ; 6.000        ; -0.068     ; 6.129      ;
; -0.197 ; can_mac_pcs_fce:u_dut|can_mac:u_mac|can_mac_fsm:u_can_mac_fsm|in_data_phase                 ; can_mac_pcs_fce:u_dut|can_mac:u_mac|can_mac_fsm:u_can_mac_fsm|state.s_error_flag             ; clk          ; clk         ; 6.000        ; 0.301      ; 6.498      ;
; -0.194 ; can_mac_pcs_fce:u_dut|can_mac:u_mac|can_mac_fsm:u_can_mac_fsm|bit_count[5]                  ; can_mac_pcs_fce:u_dut|can_mac:u_mac|can_mac_fsm:u_can_mac_fsm|state.s_error_delimiter        ; clk          ; clk         ; 6.000        ; -0.055     ; 6.139      ;
; -0.185 ; can_mac_pcs_fce:u_dut|can_mac:u_mac|can_mac_fsm:u_can_mac_fsm|bit_count[7]                  ; can_mac_pcs_fce:u_dut|can_mac:u_mac|can_mac_fsm:u_can_mac_fsm|state.s_error_delimiter        ; clk          ; clk         ; 6.000        ; -0.055     ; 6.130      ;
; -0.185 ; can_mac_pcs_fce:u_dut|can_mac:u_mac|can_mac_fsm:u_can_mac_fsm|state.s_arbitration           ; can_mac_pcs_fce:u_dut|can_mac:u_mac|can_mac_fsm:u_can_mac_fsm|state.s_intermission           ; clk          ; clk         ; 6.000        ; -0.063     ; 6.122      ;
; -0.183 ; can_mac_pcs_fce:u_dut|can_mac:u_mac|can_mac_fsm:u_can_mac_fsm|state.s_intermission          ; can_mac_pcs_fce:u_dut|can_mac:u_mac|can_mac_fsm:u_can_mac_fsm|state.s_arbitration            ; clk          ; clk         ; 6.000        ; -0.059     ; 6.124      ;
; -0.182 ; can_mac_pcs_fce:u_dut|can_mac:u_mac|can_mac_fsm:u_can_mac_fsm|in_data_phase                 ; can_mac_pcs_fce:u_dut|can_mac:u_mac|can_mac_fsm:u_can_mac_fsm|state.s_error_delimiter        ; clk          ; clk         ; 6.000        ; -0.065     ; 6.117      ;
; -0.181 ; can_mac_pcs_fce:u_dut|can_mac:u_mac|can_mac_fsm:u_can_mac_fsm|stream_index[0]               ; can_mac_pcs_fce:u_dut|can_mac:u_mac|can_mac_fsm:u_can_mac_fsm|llc_o.avalon_st_source.data[6] ; clk          ; clk         ; 6.000        ; -0.076     ; 6.105      ;
; -0.180 ; can_mac_pcs_fce:u_dut|can_mac:u_mac|can_mac_fsm:u_can_mac_fsm|state.s_crc_delimiter         ; can_mac_pcs_fce:u_dut|can_mac:u_mac|can_mac_fsm:u_can_mac_fsm|bit_count[1]                   ; clk          ; clk         ; 6.000        ; -0.442     ; 5.738      ;
; -0.180 ; can_mac_pcs_fce:u_dut|can_mac:u_mac|can_mac_fsm:u_can_mac_fsm|state.s_crc_delimiter         ; can_mac_pcs_fce:u_dut|can_mac:u_mac|can_mac_fsm:u_can_mac_fsm|bit_count[9]                   ; clk          ; clk         ; 6.000        ; -0.442     ; 5.738      ;
; -0.180 ; can_mac_pcs_fce:u_dut|can_mac:u_mac|can_mac_fsm:u_can_mac_fsm|state.s_crc_delimiter         ; can_mac_pcs_fce:u_dut|can_mac:u_mac|can_mac_fsm:u_can_mac_fsm|bit_count[3]                   ; clk          ; clk         ; 6.000        ; -0.442     ; 5.738      ;
; -0.180 ; can_mac_pcs_fce:u_dut|can_mac:u_mac|can_mac_fsm:u_can_mac_fsm|state.s_crc_delimiter         ; can_mac_pcs_fce:u_dut|can_mac:u_mac|can_mac_fsm:u_can_mac_fsm|bit_count[4]                   ; clk          ; clk         ; 6.000        ; -0.442     ; 5.738      ;
+--------+---------------------------------------------------------------------------------------------+----------------------------------------------------------------------------------------------+--------------+-------------+--------------+------------+------------+


+-----------------------------------------------------------------------------------------------------------------------------------------------------------------------------------------------------------------------------------------------+
; Slow 1200mV -40C Model Hold: 'clk'                                                                                                                                                                                                            ;
+-------+--------------------------------------------------------------------------------+--------------------------------------------------------------------------------+--------------+-------------+--------------+------------+------------+
; Slack ; From Node                                                                      ; To Node                                                                        ; Launch Clock ; Latch Clock ; Relationship ; Clock Skew ; Data Delay ;
+-------+--------------------------------------------------------------------------------+--------------------------------------------------------------------------------+--------------+-------------+--------------+------------+------------+
; 0.328 ; can_mac_pcs_fce:u_dut|can_mac:u_mac|can_mac_fsm:u_can_mac_fsm|llc_frame[34][5] ; can_mac_pcs_fce:u_dut|can_mac:u_mac|can_mac_fsm:u_can_mac_fsm|llc_frame[34][5] ; clk          ; clk         ; 0.000        ; 0.078      ; 0.574      ;
; 0.328 ; can_mac_pcs_fce:u_dut|can_mac:u_mac|can_mac_fsm:u_can_mac_fsm|llc_frame[13][5] ; can_mac_pcs_fce:u_dut|can_mac:u_mac|can_mac_fsm:u_can_mac_fsm|llc_frame[13][5] ; clk          ; clk         ; 0.000        ; 0.078      ; 0.574      ;
; 0.328 ; can_mac_pcs_fce:u_dut|can_mac:u_mac|can_mac_fsm:u_can_mac_fsm|llc_frame[44][5] ; can_mac_pcs_fce:u_dut|can_mac:u_mac|can_mac_fsm:u_can_mac_fsm|llc_frame[44][5] ; clk          ; clk         ; 0.000        ; 0.078      ; 0.574      ;
; 0.328 ; can_mac_pcs_fce:u_dut|can_mac:u_mac|can_mac_fsm:u_can_mac_fsm|llc_frame[12][5] ; can_mac_pcs_fce:u_dut|can_mac:u_mac|can_mac_fsm:u_can_mac_fsm|llc_frame[12][5] ; clk          ; clk         ; 0.000        ; 0.078      ; 0.574      ;
; 0.328 ; can_mac_pcs_fce:u_dut|can_mac:u_mac|can_mac_fsm:u_can_mac_fsm|llc_frame[50][5] ; can_mac_pcs_fce:u_dut|can_mac:u_mac|can_mac_fsm:u_can_mac_fsm|llc_frame[50][5] ; clk          ; clk         ; 0.000        ; 0.078      ; 0.574      ;
; 0.328 ; can_mac_pcs_fce:u_dut|can_mac:u_mac|can_mac_fsm:u_can_mac_fsm|llc_frame[20][2] ; can_mac_pcs_fce:u_dut|can_mac:u_mac|can_mac_fsm:u_can_mac_fsm|llc_frame[20][2] ; clk          ; clk         ; 0.000        ; 0.078      ; 0.574      ;
; 0.328 ; can_mac_pcs_fce:u_dut|can_mac:u_mac|can_mac_fsm:u_can_mac_fsm|llc_frame[28][2] ; can_mac_pcs_fce:u_dut|can_mac:u_mac|can_mac_fsm:u_can_mac_fsm|llc_frame[28][2] ; clk          ; clk         ; 0.000        ; 0.078      ; 0.574      ;
; 0.328 ; can_mac_pcs_fce:u_dut|can_mac:u_mac|can_mac_fsm:u_can_mac_fsm|llc_frame[37][6] ; can_mac_pcs_fce:u_dut|can_mac:u_mac|can_mac_fsm:u_can_mac_fsm|llc_frame[37][6] ; clk          ; clk         ; 0.000        ; 0.078      ; 0.574      ;
; 0.328 ; can_mac_pcs_fce:u_dut|can_mac:u_mac|can_mac_fsm:u_can_mac_fsm|llc_frame[27][6] ; can_mac_pcs_fce:u_dut|can_mac:u_mac|can_mac_fsm:u_can_mac_fsm|llc_frame[27][6] ; clk          ; clk         ; 0.000        ; 0.078      ; 0.574      ;
; 0.328 ; can_mac_pcs_fce:u_dut|can_mac:u_mac|can_mac_fsm:u_can_mac_fsm|llc_frame[24][6] ; can_mac_pcs_fce:u_dut|can_mac:u_mac|can_mac_fsm:u_can_mac_fsm|llc_frame[24][6] ; clk          ; clk         ; 0.000        ; 0.078      ; 0.574      ;
; 0.328 ; can_mac_pcs_fce:u_dut|can_mac:u_mac|can_mac_fsm:u_can_mac_fsm|llc_frame[9][6]  ; can_mac_pcs_fce:u_dut|can_mac:u_mac|can_mac_fsm:u_can_mac_fsm|llc_frame[9][6]  ; clk          ; clk         ; 0.000        ; 0.078      ; 0.574      ;
; 0.328 ; can_mac_pcs_fce:u_dut|can_mac:u_mac|can_mac_fsm:u_can_mac_fsm|llc_frame[32][6] ; can_mac_pcs_fce:u_dut|can_mac:u_mac|can_mac_fsm:u_can_mac_fsm|llc_frame[32][6] ; clk          ; clk         ; 0.000        ; 0.078      ; 0.574      ;
; 0.328 ; can_mac_pcs_fce:u_dut|can_mac:u_mac|can_mac_fsm:u_can_mac_fsm|llc_frame[33][6] ; can_mac_pcs_fce:u_dut|can_mac:u_mac|can_mac_fsm:u_can_mac_fsm|llc_frame[33][6] ; clk          ; clk         ; 0.000        ; 0.078      ; 0.574      ;
; 0.328 ; can_mac_pcs_fce:u_dut|can_mac:u_mac|can_mac_fsm:u_can_mac_fsm|llc_frame[13][6] ; can_mac_pcs_fce:u_dut|can_mac:u_mac|can_mac_fsm:u_can_mac_fsm|llc_frame[13][6] ; clk          ; clk         ; 0.000        ; 0.078      ; 0.574      ;
; 0.328 ; can_mac_pcs_fce:u_dut|can_mac:u_mac|can_mac_fsm:u_can_mac_fsm|llc_frame[4][6]  ; can_mac_pcs_fce:u_dut|can_mac:u_mac|can_mac_fsm:u_can_mac_fsm|llc_frame[4][6]  ; clk          ; clk         ; 0.000        ; 0.078      ; 0.574      ;
; 0.328 ; can_mac_pcs_fce:u_dut|can_mac:u_mac|can_mac_fsm:u_can_mac_fsm|llc_frame[5][6]  ; can_mac_pcs_fce:u_dut|can_mac:u_mac|can_mac_fsm:u_can_mac_fsm|llc_frame[5][6]  ; clk          ; clk         ; 0.000        ; 0.078      ; 0.574      ;
; 0.328 ; can_mac_pcs_fce:u_dut|can_mac:u_mac|can_mac_fsm:u_can_mac_fsm|llc_frame[12][6] ; can_mac_pcs_fce:u_dut|can_mac:u_mac|can_mac_fsm:u_can_mac_fsm|llc_frame[12][6] ; clk          ; clk         ; 0.000        ; 0.078      ; 0.574      ;
; 0.328 ; can_mac_pcs_fce:u_dut|can_mac:u_mac|can_mac_fsm:u_can_mac_fsm|llc_frame[29][6] ; can_mac_pcs_fce:u_dut|can_mac:u_mac|can_mac_fsm:u_can_mac_fsm|llc_frame[29][6] ; clk          ; clk         ; 0.000        ; 0.078      ; 0.574      ;
; 0.328 ; can_mac_pcs_fce:u_dut|can_mac:u_mac|can_mac_fsm:u_can_mac_fsm|llc_frame[28][6] ; can_mac_pcs_fce:u_dut|can_mac:u_mac|can_mac_fsm:u_can_mac_fsm|llc_frame[28][6] ; clk          ; clk         ; 0.000        ; 0.078      ; 0.574      ;
; 0.328 ; can_mac_pcs_fce:u_dut|can_mac:u_mac|can_mac_fsm:u_can_mac_fsm|llc_frame[33][1] ; can_mac_pcs_fce:u_dut|can_mac:u_mac|can_mac_fsm:u_can_mac_fsm|llc_frame[33][1] ; clk          ; clk         ; 0.000        ; 0.078      ; 0.574      ;
; 0.329 ; can_mac_pcs_fce:u_dut|can_mac:u_mac|can_mac_fsm:u_can_mac_fsm|llc_frame[35][5] ; can_mac_pcs_fce:u_dut|can_mac:u_mac|can_mac_fsm:u_can_mac_fsm|llc_frame[35][5] ; clk          ; clk         ; 0.000        ; 0.077      ; 0.574      ;
; 0.329 ; can_mac_pcs_fce:u_dut|can_mac:u_mac|can_mac_fsm:u_can_mac_fsm|llc_frame[41][5] ; can_mac_pcs_fce:u_dut|can_mac:u_mac|can_mac_fsm:u_can_mac_fsm|llc_frame[41][5] ; clk          ; clk         ; 0.000        ; 0.077      ; 0.574      ;
; 0.329 ; can_mac_pcs_fce:u_dut|can_mac:u_mac|can_mac_fsm:u_can_mac_fsm|llc_frame[50][3] ; can_mac_pcs_fce:u_dut|can_mac:u_mac|can_mac_fsm:u_can_mac_fsm|llc_frame[50][3] ; clk          ; clk         ; 0.000        ; 0.077      ; 0.574      ;
; 0.329 ; can_mac_pcs_fce:u_dut|can_mac:u_mac|can_mac_fsm:u_can_mac_fsm|llc_frame[37][0] ; can_mac_pcs_fce:u_dut|can_mac:u_mac|can_mac_fsm:u_can_mac_fsm|llc_frame[37][0] ; clk          ; clk         ; 0.000        ; 0.077      ; 0.574      ;
; 0.329 ; can_mac_pcs_fce:u_dut|can_mac:u_mac|can_mac_fsm:u_can_mac_fsm|llc_frame[61][5] ; can_mac_pcs_fce:u_dut|can_mac:u_mac|can_mac_fsm:u_can_mac_fsm|llc_frame[61][5] ; clk          ; clk         ; 0.000        ; 0.077      ; 0.574      ;
; 0.329 ; can_mac_pcs_fce:u_dut|can_mac:u_mac|can_mac_fsm:u_can_mac_fsm|llc_frame[59][3] ; can_mac_pcs_fce:u_dut|can_mac:u_mac|can_mac_fsm:u_can_mac_fsm|llc_frame[59][3] ; clk          ; clk         ; 0.000        ; 0.077      ; 0.574      ;
; 0.329 ; can_mac_pcs_fce:u_dut|can_mac:u_mac|can_mac_fsm:u_can_mac_fsm|llc_frame[64][1] ; can_mac_pcs_fce:u_dut|can_mac:u_mac|can_mac_fsm:u_can_mac_fsm|llc_frame[64][1] ; clk          ; clk         ; 0.000        ; 0.077      ; 0.574      ;
; 0.329 ; can_mac_pcs_fce:u_dut|can_mac:u_mac|can_mac_fsm:u_can_mac_fsm|llc_frame[36][2] ; can_mac_pcs_fce:u_dut|can_mac:u_mac|can_mac_fsm:u_can_mac_fsm|llc_frame[36][2] ; clk          ; clk         ; 0.000        ; 0.077      ; 0.574      ;
; 0.329 ; can_mac_pcs_fce:u_dut|can_mac:u_mac|can_mac_fsm:u_can_mac_fsm|llc_frame[51][5] ; can_mac_pcs_fce:u_dut|can_mac:u_mac|can_mac_fsm:u_can_mac_fsm|llc_frame[51][5] ; clk          ; clk         ; 0.000        ; 0.077      ; 0.574      ;
; 0.329 ; can_mac_pcs_fce:u_dut|can_mac:u_mac|can_mac_fsm:u_can_mac_fsm|llc_frame[56][3] ; can_mac_pcs_fce:u_dut|can_mac:u_mac|can_mac_fsm:u_can_mac_fsm|llc_frame[56][3] ; clk          ; clk         ; 0.000        ; 0.077      ; 0.574      ;
; 0.329 ; can_mac_pcs_fce:u_dut|can_mac:u_mac|can_mac_fsm:u_can_mac_fsm|llc_frame[65][1] ; can_mac_pcs_fce:u_dut|can_mac:u_mac|can_mac_fsm:u_can_mac_fsm|llc_frame[65][1] ; clk          ; clk         ; 0.000        ; 0.077      ; 0.574      ;
; 0.329 ; can_mac_pcs_fce:u_dut|can_mac:u_mac|can_mac_fsm:u_can_mac_fsm|llc_frame[44][2] ; can_mac_pcs_fce:u_dut|can_mac:u_mac|can_mac_fsm:u_can_mac_fsm|llc_frame[44][2] ; clk          ; clk         ; 0.000        ; 0.077      ; 0.574      ;
; 0.329 ; can_mac_pcs_fce:u_dut|can_mac:u_mac|can_mac_fsm:u_can_mac_fsm|llc_frame[69][0] ; can_mac_pcs_fce:u_dut|can_mac:u_mac|can_mac_fsm:u_can_mac_fsm|llc_frame[69][0] ; clk          ; clk         ; 0.000        ; 0.077      ; 0.574      ;
; 0.329 ; can_mac_pcs_fce:u_dut|can_mac:u_mac|can_mac_fsm:u_can_mac_fsm|llc_frame[23][0] ; can_mac_pcs_fce:u_dut|can_mac:u_mac|can_mac_fsm:u_can_mac_fsm|llc_frame[23][0] ; clk          ; clk         ; 0.000        ; 0.077      ; 0.574      ;
; 0.329 ; can_mac_pcs_fce:u_dut|can_mac:u_mac|can_mac_fsm:u_can_mac_fsm|llc_frame[45][5] ; can_mac_pcs_fce:u_dut|can_mac:u_mac|can_mac_fsm:u_can_mac_fsm|llc_frame[45][5] ; clk          ; clk         ; 0.000        ; 0.077      ; 0.574      ;
; 0.329 ; can_mac_pcs_fce:u_dut|can_mac:u_mac|can_mac_fsm:u_can_mac_fsm|llc_frame[33][5] ; can_mac_pcs_fce:u_dut|can_mac:u_mac|can_mac_fsm:u_can_mac_fsm|llc_frame[33][5] ; clk          ; clk         ; 0.000        ; 0.077      ; 0.574      ;
; 0.329 ; can_mac_pcs_fce:u_dut|can_mac:u_mac|can_mac_fsm:u_can_mac_fsm|llc_frame[68][5] ; can_mac_pcs_fce:u_dut|can_mac:u_mac|can_mac_fsm:u_can_mac_fsm|llc_frame[68][5] ; clk          ; clk         ; 0.000        ; 0.077      ; 0.574      ;
; 0.329 ; can_mac_pcs_fce:u_dut|can_mac:u_mac|can_mac_fsm:u_can_mac_fsm|llc_frame[59][0] ; can_mac_pcs_fce:u_dut|can_mac:u_mac|can_mac_fsm:u_can_mac_fsm|llc_frame[59][0] ; clk          ; clk         ; 0.000        ; 0.077      ; 0.574      ;
; 0.329 ; can_mac_pcs_fce:u_dut|can_mac:u_mac|can_mac_fsm:u_can_mac_fsm|llc_frame[49][3] ; can_mac_pcs_fce:u_dut|can_mac:u_mac|can_mac_fsm:u_can_mac_fsm|llc_frame[49][3] ; clk          ; clk         ; 0.000        ; 0.077      ; 0.574      ;
; 0.329 ; can_mac_pcs_fce:u_dut|can_mac:u_mac|can_mac_fsm:u_can_mac_fsm|llc_frame[57][0] ; can_mac_pcs_fce:u_dut|can_mac:u_mac|can_mac_fsm:u_can_mac_fsm|llc_frame[57][0] ; clk          ; clk         ; 0.000        ; 0.077      ; 0.574      ;
; 0.329 ; can_mac_pcs_fce:u_dut|can_mac:u_mac|can_mac_fsm:u_can_mac_fsm|llc_frame[27][0] ; can_mac_pcs_fce:u_dut|can_mac:u_mac|can_mac_fsm:u_can_mac_fsm|llc_frame[27][0] ; clk          ; clk         ; 0.000        ; 0.077      ; 0.574      ;
; 0.329 ; can_mac_pcs_fce:u_dut|can_mac:u_mac|can_mac_fsm:u_can_mac_fsm|llc_frame[61][4] ; can_mac_pcs_fce:u_dut|can_mac:u_mac|can_mac_fsm:u_can_mac_fsm|llc_frame[61][4] ; clk          ; clk         ; 0.000        ; 0.077      ; 0.574      ;
; 0.329 ; can_mac_pcs_fce:u_dut|can_mac:u_mac|can_mac_fsm:u_can_mac_fsm|llc_frame[12][0] ; can_mac_pcs_fce:u_dut|can_mac:u_mac|can_mac_fsm:u_can_mac_fsm|llc_frame[12][0] ; clk          ; clk         ; 0.000        ; 0.077      ; 0.574      ;
; 0.329 ; can_mac_pcs_fce:u_dut|can_mac:u_mac|can_mac_fsm:u_can_mac_fsm|llc_frame[32][2] ; can_mac_pcs_fce:u_dut|can_mac:u_mac|can_mac_fsm:u_can_mac_fsm|llc_frame[32][2] ; clk          ; clk         ; 0.000        ; 0.077      ; 0.574      ;
; 0.329 ; can_mac_pcs_fce:u_dut|can_mac:u_mac|can_mac_fsm:u_can_mac_fsm|llc_frame[7][0]  ; can_mac_pcs_fce:u_dut|can_mac:u_mac|can_mac_fsm:u_can_mac_fsm|llc_frame[7][0]  ; clk          ; clk         ; 0.000        ; 0.077      ; 0.574      ;
; 0.329 ; can_mac_pcs_fce:u_dut|can_mac:u_mac|can_mac_fsm:u_can_mac_fsm|llc_frame[66][1] ; can_mac_pcs_fce:u_dut|can_mac:u_mac|can_mac_fsm:u_can_mac_fsm|llc_frame[66][1] ; clk          ; clk         ; 0.000        ; 0.077      ; 0.574      ;
; 0.329 ; can_mac_pcs_fce:u_dut|can_mac:u_mac|can_mac_fsm:u_can_mac_fsm|llc_frame[31][0] ; can_mac_pcs_fce:u_dut|can_mac:u_mac|can_mac_fsm:u_can_mac_fsm|llc_frame[31][0] ; clk          ; clk         ; 0.000        ; 0.077      ; 0.574      ;
; 0.329 ; can_mac_pcs_fce:u_dut|can_mac:u_mac|can_mac_fsm:u_can_mac_fsm|llc_frame[54][1] ; can_mac_pcs_fce:u_dut|can_mac:u_mac|can_mac_fsm:u_can_mac_fsm|llc_frame[54][1] ; clk          ; clk         ; 0.000        ; 0.077      ; 0.574      ;
; 0.329 ; can_mac_pcs_fce:u_dut|can_mac:u_mac|can_mac_fsm:u_can_mac_fsm|llc_frame[35][4] ; can_mac_pcs_fce:u_dut|can_mac:u_mac|can_mac_fsm:u_can_mac_fsm|llc_frame[35][4] ; clk          ; clk         ; 0.000        ; 0.077      ; 0.574      ;
; 0.329 ; can_mac_pcs_fce:u_dut|can_mac:u_mac|can_mac_fsm:u_can_mac_fsm|llc_frame[5][4]  ; can_mac_pcs_fce:u_dut|can_mac:u_mac|can_mac_fsm:u_can_mac_fsm|llc_frame[5][4]  ; clk          ; clk         ; 0.000        ; 0.077      ; 0.574      ;
; 0.329 ; can_mac_pcs_fce:u_dut|can_mac:u_mac|can_mac_fsm:u_can_mac_fsm|llc_frame[57][5] ; can_mac_pcs_fce:u_dut|can_mac:u_mac|can_mac_fsm:u_can_mac_fsm|llc_frame[57][5] ; clk          ; clk         ; 0.000        ; 0.077      ; 0.574      ;
; 0.329 ; can_mac_pcs_fce:u_dut|can_mac:u_mac|can_mac_fsm:u_can_mac_fsm|llc_frame[35][0] ; can_mac_pcs_fce:u_dut|can_mac:u_mac|can_mac_fsm:u_can_mac_fsm|llc_frame[35][0] ; clk          ; clk         ; 0.000        ; 0.077      ; 0.574      ;
; 0.329 ; can_mac_pcs_fce:u_dut|can_mac:u_mac|can_mac_fsm:u_can_mac_fsm|llc_frame[15][0] ; can_mac_pcs_fce:u_dut|can_mac:u_mac|can_mac_fsm:u_can_mac_fsm|llc_frame[15][0] ; clk          ; clk         ; 0.000        ; 0.077      ; 0.574      ;
; 0.329 ; can_mac_pcs_fce:u_dut|can_mac:u_mac|can_mac_fsm:u_can_mac_fsm|llc_frame[39][4] ; can_mac_pcs_fce:u_dut|can_mac:u_mac|can_mac_fsm:u_can_mac_fsm|llc_frame[39][4] ; clk          ; clk         ; 0.000        ; 0.077      ; 0.574      ;
; 0.329 ; can_mac_pcs_fce:u_dut|can_mac:u_mac|can_mac_fsm:u_can_mac_fsm|llc_frame[51][0] ; can_mac_pcs_fce:u_dut|can_mac:u_mac|can_mac_fsm:u_can_mac_fsm|llc_frame[51][0] ; clk          ; clk         ; 0.000        ; 0.077      ; 0.574      ;
; 0.329 ; can_mac_pcs_fce:u_dut|can_mac:u_mac|can_mac_fsm:u_can_mac_fsm|llc_frame[39][0] ; can_mac_pcs_fce:u_dut|can_mac:u_mac|can_mac_fsm:u_can_mac_fsm|llc_frame[39][0] ; clk          ; clk         ; 0.000        ; 0.077      ; 0.574      ;
; 0.329 ; can_mac_pcs_fce:u_dut|can_mac:u_mac|can_mac_fsm:u_can_mac_fsm|llc_frame[47][2] ; can_mac_pcs_fce:u_dut|can_mac:u_mac|can_mac_fsm:u_can_mac_fsm|llc_frame[47][2] ; clk          ; clk         ; 0.000        ; 0.077      ; 0.574      ;
; 0.329 ; can_mac_pcs_fce:u_dut|can_mac:u_mac|can_mac_fsm:u_can_mac_fsm|llc_frame[48][0] ; can_mac_pcs_fce:u_dut|can_mac:u_mac|can_mac_fsm:u_can_mac_fsm|llc_frame[48][0] ; clk          ; clk         ; 0.000        ; 0.077      ; 0.574      ;
; 0.329 ; can_mac_pcs_fce:u_dut|can_mac:u_mac|can_mac_fsm:u_can_mac_fsm|llc_frame[33][4] ; can_mac_pcs_fce:u_dut|can_mac:u_mac|can_mac_fsm:u_can_mac_fsm|llc_frame[33][4] ; clk          ; clk         ; 0.000        ; 0.077      ; 0.574      ;
; 0.329 ; can_mac_pcs_fce:u_dut|can_mac:u_mac|can_mac_fsm:u_can_mac_fsm|llc_frame[60][0] ; can_mac_pcs_fce:u_dut|can_mac:u_mac|can_mac_fsm:u_can_mac_fsm|llc_frame[60][0] ; clk          ; clk         ; 0.000        ; 0.077      ; 0.574      ;
; 0.329 ; can_mac_pcs_fce:u_dut|can_mac:u_mac|can_mac_fsm:u_can_mac_fsm|llc_frame[33][3] ; can_mac_pcs_fce:u_dut|can_mac:u_mac|can_mac_fsm:u_can_mac_fsm|llc_frame[33][3] ; clk          ; clk         ; 0.000        ; 0.077      ; 0.574      ;
; 0.329 ; can_mac_pcs_fce:u_dut|can_mac:u_mac|can_mac_fsm:u_can_mac_fsm|llc_frame[2][1]  ; can_mac_pcs_fce:u_dut|can_mac:u_mac|can_mac_fsm:u_can_mac_fsm|llc_frame[2][1]  ; clk          ; clk         ; 0.000        ; 0.077      ; 0.574      ;
; 0.329 ; can_mac_pcs_fce:u_dut|can_mac:u_mac|can_mac_fsm:u_can_mac_fsm|llc_frame[8][0]  ; can_mac_pcs_fce:u_dut|can_mac:u_mac|can_mac_fsm:u_can_mac_fsm|llc_frame[8][0]  ; clk          ; clk         ; 0.000        ; 0.077      ; 0.574      ;
; 0.329 ; can_mac_pcs_fce:u_dut|can_mac:u_mac|can_mac_fsm:u_can_mac_fsm|llc_frame[58][3] ; can_mac_pcs_fce:u_dut|can_mac:u_mac|can_mac_fsm:u_can_mac_fsm|llc_frame[58][3] ; clk          ; clk         ; 0.000        ; 0.077      ; 0.574      ;
; 0.329 ; can_mac_pcs_fce:u_dut|can_mac:u_mac|can_mac_fsm:u_can_mac_fsm|llc_frame[56][0] ; can_mac_pcs_fce:u_dut|can_mac:u_mac|can_mac_fsm:u_can_mac_fsm|llc_frame[56][0] ; clk          ; clk         ; 0.000        ; 0.077      ; 0.574      ;
; 0.329 ; can_mac_pcs_fce:u_dut|can_mac:u_mac|can_mac_fsm:u_can_mac_fsm|llc_frame[35][3] ; can_mac_pcs_fce:u_dut|can_mac:u_mac|can_mac_fsm:u_can_mac_fsm|llc_frame[35][3] ; clk          ; clk         ; 0.000        ; 0.077      ; 0.574      ;
; 0.329 ; can_mac_pcs_fce:u_dut|can_mac:u_mac|can_mac_fsm:u_can_mac_fsm|llc_frame[46][3] ; can_mac_pcs_fce:u_dut|can_mac:u_mac|can_mac_fsm:u_can_mac_fsm|llc_frame[46][3] ; clk          ; clk         ; 0.000        ; 0.077      ; 0.574      ;
; 0.329 ; can_mac_pcs_fce:u_dut|can_mac:u_mac|can_mac_fsm:u_can_mac_fsm|llc_frame[4][0]  ; can_mac_pcs_fce:u_dut|can_mac:u_mac|can_mac_fsm:u_can_mac_fsm|llc_frame[4][0]  ; clk          ; clk         ; 0.000        ; 0.077      ; 0.574      ;
; 0.329 ; can_mac_pcs_fce:u_dut|can_mac:u_mac|can_mac_fsm:u_can_mac_fsm|llc_frame[3][3]  ; can_mac_pcs_fce:u_dut|can_mac:u_mac|can_mac_fsm:u_can_mac_fsm|llc_frame[3][3]  ; clk          ; clk         ; 0.000        ; 0.077      ; 0.574      ;
; 0.329 ; can_mac_pcs_fce:u_dut|can_mac:u_mac|can_mac_fsm:u_can_mac_fsm|llc_frame[53][0] ; can_mac_pcs_fce:u_dut|can_mac:u_mac|can_mac_fsm:u_can_mac_fsm|llc_frame[53][0] ; clk          ; clk         ; 0.000        ; 0.077      ; 0.574      ;
; 0.329 ; can_mac_pcs_fce:u_dut|can_mac:u_mac|can_mac_fsm:u_can_mac_fsm|state.s_eof      ; can_mac_pcs_fce:u_dut|can_mac:u_mac|can_mac_fsm:u_can_mac_fsm|state.s_eof      ; clk          ; clk         ; 0.000        ; 0.077      ; 0.574      ;
; 0.329 ; can_mac_pcs_fce:u_dut|can_mac:u_mac|can_mac_fsm:u_can_mac_fsm|llc_frame[28][0] ; can_mac_pcs_fce:u_dut|can_mac:u_mac|can_mac_fsm:u_can_mac_fsm|llc_frame[28][0] ; clk          ; clk         ; 0.000        ; 0.077      ; 0.574      ;
; 0.329 ; can_mac_pcs_fce:u_dut|can_mac:u_mac|can_mac_fsm:u_can_mac_fsm|llc_frame[14][0] ; can_mac_pcs_fce:u_dut|can_mac:u_mac|can_mac_fsm:u_can_mac_fsm|llc_frame[14][0] ; clk          ; clk         ; 0.000        ; 0.077      ; 0.574      ;
; 0.329 ; can_mac_pcs_fce:u_dut|can_mac:u_mac|can_mac_fsm:u_can_mac_fsm|llc_frame[16][3] ; can_mac_pcs_fce:u_dut|can_mac:u_mac|can_mac_fsm:u_can_mac_fsm|llc_frame[16][3] ; clk          ; clk         ; 0.000        ; 0.077      ; 0.574      ;
; 0.329 ; can_mac_pcs_fce:u_dut|can_mac:u_mac|can_mac_fsm:u_can_mac_fsm|llc_frame[5][3]  ; can_mac_pcs_fce:u_dut|can_mac:u_mac|can_mac_fsm:u_can_mac_fsm|llc_frame[5][3]  ; clk          ; clk         ; 0.000        ; 0.077      ; 0.574      ;
; 0.329 ; can_mac_pcs_fce:u_dut|can_mac:u_mac|can_mac_fsm:u_can_mac_fsm|llc_frame[24][0] ; can_mac_pcs_fce:u_dut|can_mac:u_mac|can_mac_fsm:u_can_mac_fsm|llc_frame[24][0] ; clk          ; clk         ; 0.000        ; 0.077      ; 0.574      ;
; 0.329 ; can_mac_pcs_fce:u_dut|can_mac:u_mac|can_mac_fsm:u_can_mac_fsm|llc_frame[30][3] ; can_mac_pcs_fce:u_dut|can_mac:u_mac|can_mac_fsm:u_can_mac_fsm|llc_frame[30][3] ; clk          ; clk         ; 0.000        ; 0.077      ; 0.574      ;
; 0.329 ; can_mac_pcs_fce:u_dut|can_mac:u_mac|can_mac_fsm:u_can_mac_fsm|llc_frame[18][3] ; can_mac_pcs_fce:u_dut|can_mac:u_mac|can_mac_fsm:u_can_mac_fsm|llc_frame[18][3] ; clk          ; clk         ; 0.000        ; 0.077      ; 0.574      ;
; 0.329 ; can_mac_pcs_fce:u_dut|can_mac:u_mac|can_mac_fsm:u_can_mac_fsm|llc_frame[19][3] ; can_mac_pcs_fce:u_dut|can_mac:u_mac|can_mac_fsm:u_can_mac_fsm|llc_frame[19][3] ; clk          ; clk         ; 0.000        ; 0.077      ; 0.574      ;
; 0.329 ; can_mac_pcs_fce:u_dut|can_mac:u_mac|can_mac_fsm:u_can_mac_fsm|llc_frame[29][3] ; can_mac_pcs_fce:u_dut|can_mac:u_mac|can_mac_fsm:u_can_mac_fsm|llc_frame[29][3] ; clk          ; clk         ; 0.000        ; 0.077      ; 0.574      ;
; 0.329 ; can_mac_pcs_fce:u_dut|can_mac:u_mac|can_mac_fsm:u_can_mac_fsm|llc_frame[2][3]  ; can_mac_pcs_fce:u_dut|can_mac:u_mac|can_mac_fsm:u_can_mac_fsm|llc_frame[2][3]  ; clk          ; clk         ; 0.000        ; 0.077      ; 0.574      ;
; 0.329 ; can_mac_pcs_fce:u_dut|can_mac:u_mac|can_mac_fsm:u_can_mac_fsm|llc_frame[10][3] ; can_mac_pcs_fce:u_dut|can_mac:u_mac|can_mac_fsm:u_can_mac_fsm|llc_frame[10][3] ; clk          ; clk         ; 0.000        ; 0.077      ; 0.574      ;
; 0.329 ; can_mac_pcs_fce:u_dut|can_mac:u_mac|can_mac_fsm:u_can_mac_fsm|llc_frame[54][4] ; can_mac_pcs_fce:u_dut|can_mac:u_mac|can_mac_fsm:u_can_mac_fsm|llc_frame[54][4] ; clk          ; clk         ; 0.000        ; 0.077      ; 0.574      ;
; 0.329 ; can_mac_pcs_fce:u_dut|can_mac:u_mac|can_mac_fsm:u_can_mac_fsm|llc_frame[29][5] ; can_mac_pcs_fce:u_dut|can_mac:u_mac|can_mac_fsm:u_can_mac_fsm|llc_frame[29][5] ; clk          ; clk         ; 0.000        ; 0.077      ; 0.574      ;
; 0.329 ; can_mac_pcs_fce:u_dut|can_mac:u_mac|can_mac_fsm:u_can_mac_fsm|llc_frame[43][4] ; can_mac_pcs_fce:u_dut|can_mac:u_mac|can_mac_fsm:u_can_mac_fsm|llc_frame[43][4] ; clk          ; clk         ; 0.000        ; 0.077      ; 0.574      ;
; 0.329 ; can_mac_pcs_fce:u_dut|can_mac:u_mac|can_mac_fsm:u_can_mac_fsm|llc_frame[67][1] ; can_mac_pcs_fce:u_dut|can_mac:u_mac|can_mac_fsm:u_can_mac_fsm|llc_frame[67][1] ; clk          ; clk         ; 0.000        ; 0.077      ; 0.574      ;
; 0.329 ; can_mac_pcs_fce:u_dut|can_mac:u_mac|can_mac_fsm:u_can_mac_fsm|llc_frame[47][3] ; can_mac_pcs_fce:u_dut|can_mac:u_mac|can_mac_fsm:u_can_mac_fsm|llc_frame[47][3] ; clk          ; clk         ; 0.000        ; 0.077      ; 0.574      ;
; 0.329 ; can_mac_pcs_fce:u_dut|can_mac:u_mac|can_mac_fsm:u_can_mac_fsm|llc_frame[0][2]  ; can_mac_pcs_fce:u_dut|can_mac:u_mac|can_mac_fsm:u_can_mac_fsm|llc_frame[0][2]  ; clk          ; clk         ; 0.000        ; 0.077      ; 0.574      ;
; 0.329 ; can_mac_pcs_fce:u_dut|can_mac:u_mac|can_mac_fsm:u_can_mac_fsm|llc_frame[36][0] ; can_mac_pcs_fce:u_dut|can_mac:u_mac|can_mac_fsm:u_can_mac_fsm|llc_frame[36][0] ; clk          ; clk         ; 0.000        ; 0.077      ; 0.574      ;
; 0.329 ; can_mac_pcs_fce:u_dut|can_mac:u_mac|can_mac_fsm:u_can_mac_fsm|llc_frame[22][2] ; can_mac_pcs_fce:u_dut|can_mac:u_mac|can_mac_fsm:u_can_mac_fsm|llc_frame[22][2] ; clk          ; clk         ; 0.000        ; 0.077      ; 0.574      ;
; 0.329 ; can_mac_pcs_fce:u_dut|can_mac:u_mac|can_mac_fsm:u_can_mac_fsm|llc_frame[28][5] ; can_mac_pcs_fce:u_dut|can_mac:u_mac|can_mac_fsm:u_can_mac_fsm|llc_frame[28][5] ; clk          ; clk         ; 0.000        ; 0.077      ; 0.574      ;
; 0.329 ; can_mac_pcs_fce:u_dut|can_mac:u_mac|can_mac_fsm:u_can_mac_fsm|llc_frame[4][2]  ; can_mac_pcs_fce:u_dut|can_mac:u_mac|can_mac_fsm:u_can_mac_fsm|llc_frame[4][2]  ; clk          ; clk         ; 0.000        ; 0.077      ; 0.574      ;
; 0.329 ; can_mac_pcs_fce:u_dut|can_mac:u_mac|can_mac_fsm:u_can_mac_fsm|llc_frame[26][4] ; can_mac_pcs_fce:u_dut|can_mac:u_mac|can_mac_fsm:u_can_mac_fsm|llc_frame[26][4] ; clk          ; clk         ; 0.000        ; 0.077      ; 0.574      ;
; 0.329 ; can_mac_pcs_fce:u_dut|can_mac:u_mac|can_mac_fsm:u_can_mac_fsm|llc_frame[52][0] ; can_mac_pcs_fce:u_dut|can_mac:u_mac|can_mac_fsm:u_can_mac_fsm|llc_frame[52][0] ; clk          ; clk         ; 0.000        ; 0.077      ; 0.574      ;
; 0.329 ; can_mac_pcs_fce:u_dut|can_mac:u_mac|can_mac_fsm:u_can_mac_fsm|llc_frame[39][2] ; can_mac_pcs_fce:u_dut|can_mac:u_mac|can_mac_fsm:u_can_mac_fsm|llc_frame[39][2] ; clk          ; clk         ; 0.000        ; 0.077      ; 0.574      ;
; 0.329 ; can_mac_pcs_fce:u_dut|can_mac:u_mac|can_mac_fsm:u_can_mac_fsm|llc_frame[31][3] ; can_mac_pcs_fce:u_dut|can_mac:u_mac|can_mac_fsm:u_can_mac_fsm|llc_frame[31][3] ; clk          ; clk         ; 0.000        ; 0.077      ; 0.574      ;
; 0.329 ; can_mac_pcs_fce:u_dut|can_mac:u_mac|can_mac_fsm:u_can_mac_fsm|llc_frame[35][2] ; can_mac_pcs_fce:u_dut|can_mac:u_mac|can_mac_fsm:u_can_mac_fsm|llc_frame[35][2] ; clk          ; clk         ; 0.000        ; 0.077      ; 0.574      ;
; 0.329 ; can_mac_pcs_fce:u_dut|can_mac:u_mac|can_mac_fsm:u_can_mac_fsm|llc_frame[57][4] ; can_mac_pcs_fce:u_dut|can_mac:u_mac|can_mac_fsm:u_can_mac_fsm|llc_frame[57][4] ; clk          ; clk         ; 0.000        ; 0.077      ; 0.574      ;
; 0.329 ; can_mac_pcs_fce:u_dut|can_mac:u_mac|can_mac_fsm:u_can_mac_fsm|llc_frame[55][2] ; can_mac_pcs_fce:u_dut|can_mac:u_mac|can_mac_fsm:u_can_mac_fsm|llc_frame[55][2] ; clk          ; clk         ; 0.000        ; 0.077      ; 0.574      ;
; 0.329 ; can_mac_pcs_fce:u_dut|can_mac:u_mac|can_mac_fsm:u_can_mac_fsm|llc_frame[20][0] ; can_mac_pcs_fce:u_dut|can_mac:u_mac|can_mac_fsm:u_can_mac_fsm|llc_frame[20][0] ; clk          ; clk         ; 0.000        ; 0.077      ; 0.574      ;
+-------+--------------------------------------------------------------------------------+--------------------------------------------------------------------------------+--------------+-------------+--------------+------------+------------+


------------------------------------------------
; Slow 1200mV -40C Model Metastability Summary ;
------------------------------------------------
No synchronizer chains to report.


+--------------------------------------+
; Fast 1200mV -40C Model Setup Summary ;
+-------+-------+----------------------+
; Clock ; Slack ; End Point TNS        ;
+-------+-------+----------------------+
; clk   ; 1.960 ; 0.000                ;
+-------+-------+----------------------+


+-------------------------------------+
; Fast 1200mV -40C Model Hold Summary ;
+-------+-------+---------------------+
; Clock ; Slack ; End Point TNS       ;
+-------+-------+---------------------+
; clk   ; 0.171 ; 0.000               ;
+-------+-------+---------------------+


-------------------------------------------
; Fast 1200mV -40C Model Recovery Summary ;
-------------------------------------------
No paths to report.


------------------------------------------
; Fast 1200mV -40C Model Removal Summary ;
------------------------------------------
No paths to report.


+----------------------------------------------------+
; Fast 1200mV -40C Model Minimum Pulse Width Summary ;
+-------+-------+------------------------------------+
; Clock ; Slack ; End Point TNS                      ;
+-------+-------+------------------------------------+
; clk   ; 2.740 ; 0.000                              ;
+-------+-------+------------------------------------+


+---------------------------------------------------------------------------------------------------------------------------------------------------------------------------------------------------------------------------------------------------------------------------------+
; Fast 1200mV -40C Model Setup: 'clk'                                                                                                                                                                                                                                             ;
+-------+----------------------------------------------------------------------------------------------------+----------------------------------------------------------------------------------------------+--------------+-------------+--------------+------------+------------+
; Slack ; From Node                                                                                          ; To Node                                                                                      ; Launch Clock ; Latch Clock ; Relationship ; Clock Skew ; Data Delay ;
+-------+----------------------------------------------------------------------------------------------------+----------------------------------------------------------------------------------------------+--------------+-------------+--------------+------------+------------+
; 1.960 ; can_mac_pcs_fce:u_dut|can_mac:u_mac|can_mac_fsm:u_can_mac_fsm|llc_o.avalon_st_source.data[5]       ; rx_llc_data_o[5]                                                                             ; clk          ; clk         ; 6.000        ; -1.194     ; 0.826      ;
; 2.104 ; can_mac_pcs_fce:u_dut|can_mac:u_mac|can_mac_fsm:u_can_mac_fsm|llc_o.avalon_st_source.data[1]       ; rx_llc_data_o[1]                                                                             ; clk          ; clk         ; 6.000        ; -1.199     ; 0.677      ;
; 2.105 ; can_mac_pcs_fce:u_dut|can_mac:u_mac|can_mac_fsm:u_can_mac_fsm|llc_o.avalon_st_source.data[0]       ; rx_llc_data_o[0]                                                                             ; clk          ; clk         ; 6.000        ; -1.200     ; 0.675      ;
; 2.107 ; can_mac_pcs_fce:u_dut|can_mac:u_mac|can_mac_fsm:u_can_mac_fsm|llc_o.avalon_st_source.data[2]       ; rx_llc_data_o[2]                                                                             ; clk          ; clk         ; 6.000        ; -1.191     ; 0.682      ;
; 2.266 ; can_mac_pcs_fce:u_dut|can_mac:u_mac|can_mac_fsm:u_can_mac_fsm|llc_o.avalon_st_source.endofpacket   ; rx_llc_eop_o                                                                                 ; clk          ; clk         ; 6.000        ; -1.197     ; 0.517      ;
; 2.266 ; can_mac_pcs_fce:u_dut|can_mac:u_mac|can_mac_ser:u_can_mac_ser|llc_o.transfer_status[2]             ; tx_llc_status_o[2]                                                                           ; clk          ; clk         ; 6.000        ; -1.191     ; 0.523      ;
; 2.284 ; can_mac_pcs_fce:u_dut|can_mac:u_mac|can_mac_ser:u_can_mac_ser|llc_o.transfer_status[0]             ; tx_llc_status_o[0]                                                                           ; clk          ; clk         ; 6.000        ; -1.191     ; 0.505      ;
; 2.285 ; can_mac_pcs_fce:u_dut|can_mac:u_mac|can_mac_fsm:u_can_mac_fsm|llc_o.avalon_st_source.data[6]       ; rx_llc_data_o[6]                                                                             ; clk          ; clk         ; 6.000        ; -1.194     ; 0.501      ;
; 2.295 ; can_mac_pcs_fce:u_dut|can_mac:u_mac|can_mac_fsm:u_can_mac_fsm|llc_o.avalon_st_source.data[4]       ; rx_llc_data_o[4]                                                                             ; clk          ; clk         ; 6.000        ; -1.188     ; 0.497      ;
; 2.448 ; can_mac_pcs_fce:u_dut|can_mac:u_mac|can_mac_fsm:u_can_mac_fsm|llc_o.avalon_st_source.data[7]       ; rx_llc_data_o[7]                                                                             ; clk          ; clk         ; 6.000        ; -1.188     ; 0.344      ;
; 2.449 ; can_mac_pcs_fce:u_dut|can_mac:u_mac|can_mac_fsm:u_can_mac_fsm|llc_o.avalon_st_source.startofpacket ; rx_llc_sop_o                                                                                 ; clk          ; clk         ; 6.000        ; -1.194     ; 0.337      ;
; 2.458 ; can_mac_pcs_fce:u_dut|can_mac:u_mac|can_mac_fsm:u_can_mac_fsm|llc_o.avalon_st_source.data[3]       ; rx_llc_data_o[3]                                                                             ; clk          ; clk         ; 6.000        ; -1.187     ; 0.335      ;
; 2.461 ; can_mac_pcs_fce:u_dut|can_pcs:u_pcs|tx_o                                                           ; tx_o                                                                                         ; clk          ; clk         ; 6.000        ; -1.180     ; 0.339      ;
; 2.463 ; can_mac_pcs_fce:u_dut|can_fce:u_fce|mac_o.bus_off                                                  ; fce_bus_off_o                                                                                ; clk          ; clk         ; 6.000        ; -1.177     ; 0.340      ;
; 2.463 ; can_mac_pcs_fce:u_dut|can_mac:u_mac|can_mac_ser:u_can_mac_ser|llc_o.transfer_status[1]             ; tx_llc_status_o[1]                                                                           ; clk          ; clk         ; 6.000        ; -1.194     ; 0.323      ;
; 2.464 ; can_mac_pcs_fce:u_dut|can_mac:u_mac|can_mac_fsm:u_can_mac_fsm|llc_o.avalon_st_source.valid         ; rx_llc_valid_o                                                                               ; clk          ; clk         ; 6.000        ; -1.194     ; 0.322      ;
; 2.466 ; can_mac_pcs_fce:u_dut|can_mac:u_mac|can_mac_ser:u_can_mac_ser|llc_o.avalon_st_sink.ready           ; tx_llc_ready_o                                                                               ; clk          ; clk         ; 6.000        ; -1.183     ; 0.331      ;
; 2.518 ; can_mac_pcs_fce:u_dut|can_mac:u_mac|can_mac_fsm:u_can_mac_fsm|crc_length[0]                        ; can_mac_pcs_fce:u_dut|can_mac:u_mac|can_mac_fsm:u_can_mac_fsm|state.s_arbitration            ; clk          ; clk         ; 6.000        ; -0.048     ; 3.422      ;
; 2.519 ; can_mac_pcs_fce:u_dut|can_mac:u_mac|can_mac_fsm:u_can_mac_fsm|stream_index[2]                      ; can_mac_pcs_fce:u_dut|can_mac:u_mac|can_mac_fsm:u_can_mac_fsm|llc_o.avalon_st_source.data[1] ; clk          ; clk         ; 6.000        ; -0.039     ; 3.430      ;
; 2.523 ; can_mac_pcs_fce:u_dut|can_mac:u_mac|can_mac_fsm:u_can_mac_fsm|bit_count[2]                         ; can_mac_pcs_fce:u_dut|can_mac:u_mac|can_mac_fsm:u_can_mac_fsm|state.s_arbitration            ; clk          ; clk         ; 6.000        ; -0.029     ; 3.436      ;
; 2.534 ; can_mac_pcs_fce:u_dut|can_mac:u_mac|can_mac_fsm:u_can_mac_fsm|in_data_phase                        ; can_mac_pcs_fce:u_dut|can_mac:u_mac|can_mac_fsm:u_can_mac_fsm|bit_count[0]                   ; clk          ; clk         ; 6.000        ; -0.038     ; 3.416      ;
; 2.606 ; can_mac_pcs_fce:u_dut|can_mac:u_mac|can_mac_fsm:u_can_mac_fsm|state.s_arbitration                  ; can_mac_pcs_fce:u_dut|can_mac:u_mac|can_mac_fsm:u_can_mac_fsm|bit_count[0]                   ; clk          ; clk         ; 6.000        ; -0.036     ; 3.346      ;
; 2.610 ; can_mac_pcs_fce:u_dut|can_mac:u_mac|can_mac_fsm:u_can_mac_fsm|bit_count[5]                         ; can_mac_pcs_fce:u_dut|can_mac:u_mac|can_mac_fsm:u_can_mac_fsm|state.s_arbitration            ; clk          ; clk         ; 6.000        ; -0.029     ; 3.349      ;
; 2.612 ; can_mac_pcs_fce:u_dut|can_mac:u_mac|can_mac_fsm:u_can_mac_fsm|state.s_res_r0                       ; can_mac_pcs_fce:u_dut|can_mac:u_mac|can_mac_fsm:u_can_mac_fsm|state.s_intermission           ; clk          ; clk         ; 6.000        ; -0.043     ; 3.333      ;
; 2.613 ; can_mac_pcs_fce:u_dut|can_mac:u_mac|can_mac_fsm:u_can_mac_fsm|state.s_brs                          ; can_mac_pcs_fce:u_dut|can_mac:u_mac|can_mac_fsm:u_can_mac_fsm|state.s_intermission           ; clk          ; clk         ; 6.000        ; -0.043     ; 3.332      ;
; 2.616 ; can_mac_pcs_fce:u_dut|can_mac:u_mac|can_mac_fsm:u_can_mac_fsm|bit_count[7]                         ; can_mac_pcs_fce:u_dut|can_mac:u_mac|can_mac_fsm:u_can_mac_fsm|state.s_arbitration            ; clk          ; clk         ; 6.000        ; -0.029     ; 3.343      ;
; 2.617 ; can_mac_pcs_fce:u_dut|can_mac:u_mac|can_mac_fsm:u_can_mac_fsm|bit_count[1]                         ; can_mac_pcs_fce:u_dut|can_mac:u_mac|can_mac_fsm:u_can_mac_fsm|transmitted_bits_shift_reg[0]  ; clk          ; clk         ; 6.000        ; -0.023     ; 3.348      ;
; 2.621 ; can_mac_pcs_fce:u_dut|can_mac:u_mac|can_mac_fsm:u_can_mac_fsm|state.s_res_r0                       ; can_mac_pcs_fce:u_dut|can_mac:u_mac|can_mac_fsm:u_can_mac_fsm|state.s_arbitration            ; clk          ; clk         ; 6.000        ; -0.041     ; 3.326      ;
; 2.622 ; can_mac_pcs_fce:u_dut|can_mac:u_mac|can_mac_fsm:u_can_mac_fsm|state.s_brs                          ; can_mac_pcs_fce:u_dut|can_mac:u_mac|can_mac_fsm:u_can_mac_fsm|state.s_arbitration            ; clk          ; clk         ; 6.000        ; -0.041     ; 3.325      ;
; 2.624 ; can_mac_pcs_fce:u_dut|can_mac:u_mac|can_mac_fsm:u_can_mac_fsm|crc_length[2]                        ; can_mac_pcs_fce:u_dut|can_mac:u_mac|can_mac_fsm:u_can_mac_fsm|state.s_arbitration            ; clk          ; clk         ; 6.000        ; -0.048     ; 3.316      ;
; 2.625 ; can_mac_pcs_fce:u_dut|can_mac:u_mac|can_mac_fsm:u_can_mac_fsm|crc_length[1]                        ; can_mac_pcs_fce:u_dut|can_mac:u_mac|can_mac_fsm:u_can_mac_fsm|state.s_arbitration            ; clk          ; clk         ; 6.000        ; -0.046     ; 3.317      ;
; 2.625 ; can_mac_pcs_fce:u_dut|can_mac:u_mac|can_mac_fsm:u_can_mac_fsm|stream_index[1]                      ; can_mac_pcs_fce:u_dut|can_mac:u_mac|can_mac_fsm:u_can_mac_fsm|llc_o.avalon_st_source.data[4] ; clk          ; clk         ; 6.000        ; -0.050     ; 3.313      ;
; 2.627 ; can_mac_pcs_fce:u_dut|can_mac:u_mac|can_mac_fsm:u_can_mac_fsm|bit_count[1]                         ; can_mac_pcs_fce:u_dut|can_mac:u_mac|can_mac_fsm:u_can_mac_fsm|state.s_arbitration            ; clk          ; clk         ; 6.000        ; -0.029     ; 3.332      ;
; 2.635 ; can_mac_pcs_fce:u_dut|can_mac:u_mac|can_mac_fsm:u_can_mac_fsm|crc_length[0]                        ; can_mac_pcs_fce:u_dut|can_mac:u_mac|can_mac_fsm:u_can_mac_fsm|state.s_error_flag             ; clk          ; clk         ; 6.000        ; 0.132      ; 3.485      ;
; 2.640 ; can_mac_pcs_fce:u_dut|can_mac:u_mac|can_mac_fsm:u_can_mac_fsm|data_len[1]                          ; can_mac_pcs_fce:u_dut|can_mac:u_mac|can_mac_fsm:u_can_mac_fsm|state.s_intermission           ; clk          ; clk         ; 6.000        ; -0.051     ; 3.297      ;
; 2.640 ; can_mac_pcs_fce:u_dut|can_mac:u_mac|can_mac_fsm:u_can_mac_fsm|crc_length[0]                        ; can_mac_pcs_fce:u_dut|can_mac:u_mac|can_mac_fsm:u_can_mac_fsm|state.s_bus_idle               ; clk          ; clk         ; 6.000        ; 0.147      ; 3.495      ;
; 2.640 ; can_mac_pcs_fce:u_dut|can_mac:u_mac|can_mac_fsm:u_can_mac_fsm|bit_count[2]                         ; can_mac_pcs_fce:u_dut|can_mac:u_mac|can_mac_fsm:u_can_mac_fsm|state.s_error_flag             ; clk          ; clk         ; 6.000        ; 0.151      ; 3.499      ;
; 2.645 ; can_mac_pcs_fce:u_dut|can_mac:u_mac|can_mac_fsm:u_can_mac_fsm|bit_count[2]                         ; can_mac_pcs_fce:u_dut|can_mac:u_mac|can_mac_fsm:u_can_mac_fsm|state.s_bus_idle               ; clk          ; clk         ; 6.000        ; 0.166      ; 3.509      ;
; 2.646 ; can_mac_pcs_fce:u_dut|can_mac:u_mac|can_mac_fsm:u_can_mac_fsm|in_data_phase                        ; can_mac_pcs_fce:u_dut|can_mac:u_mac|can_mac_fsm:u_can_mac_fsm|state.s_arbitration            ; clk          ; clk         ; 6.000        ; -0.035     ; 3.307      ;
; 2.646 ; can_mac_pcs_fce:u_dut|can_mac:u_mac|can_mac_fsm:u_can_mac_fsm|state.s_bus_reintegration            ; can_mac_pcs_fce:u_dut|can_mac:u_mac|can_mac_fsm:u_can_mac_fsm|state.s_arbitration            ; clk          ; clk         ; 6.000        ; -0.221     ; 3.121      ;
; 2.647 ; can_mac_pcs_fce:u_dut|can_mac:u_mac|can_mac_fsm:u_can_mac_fsm|state.s_res_r0                       ; can_mac_pcs_fce:u_dut|can_mac:u_mac|can_mac_fsm:u_can_mac_fsm|state.s_dlc                    ; clk          ; clk         ; 6.000        ; -0.034     ; 3.307      ;
; 2.647 ; can_mac_pcs_fce:u_dut|can_mac:u_mac|can_mac_fsm:u_can_mac_fsm|state.s_res_r0                       ; can_mac_pcs_fce:u_dut|can_mac:u_mac|can_mac_fsm:u_can_mac_fsm|state.s_ack                    ; clk          ; clk         ; 6.000        ; -0.034     ; 3.307      ;
; 2.647 ; can_mac_pcs_fce:u_dut|can_mac:u_mac|can_mac_fsm:u_can_mac_fsm|in_data_phase                        ; can_mac_pcs_fce:u_dut|can_mac:u_mac|can_mac_fsm:u_can_mac_fsm|crc_length[1]                  ; clk          ; clk         ; 6.000        ; -0.033     ; 3.308      ;
; 2.648 ; can_mac_pcs_fce:u_dut|can_mac:u_mac|can_mac_fsm:u_can_mac_fsm|state.s_brs                          ; can_mac_pcs_fce:u_dut|can_mac:u_mac|can_mac_fsm:u_can_mac_fsm|state.s_dlc                    ; clk          ; clk         ; 6.000        ; -0.034     ; 3.306      ;
; 2.648 ; can_mac_pcs_fce:u_dut|can_mac:u_mac|can_mac_fsm:u_can_mac_fsm|state.s_brs                          ; can_mac_pcs_fce:u_dut|can_mac:u_mac|can_mac_fsm:u_can_mac_fsm|state.s_ack                    ; clk          ; clk         ; 6.000        ; -0.034     ; 3.306      ;
; 2.649 ; can_mac_pcs_fce:u_dut|can_mac:u_mac|can_mac_fsm:u_can_mac_fsm|crc_length[0]                        ; can_mac_pcs_fce:u_dut|can_mac:u_mac|can_mac_fsm:u_can_mac_fsm|state.s_error_delimiter        ; clk          ; clk         ; 6.000        ; -0.050     ; 3.289      ;
; 2.652 ; can_mac_pcs_fce:u_dut|can_mac:u_mac|can_mac_fsm:u_can_mac_fsm|stream_index[0]                      ; can_mac_pcs_fce:u_dut|can_mac:u_mac|can_mac_fsm:u_can_mac_fsm|llc_o.avalon_st_source.data[6] ; clk          ; clk         ; 6.000        ; -0.044     ; 3.292      ;
; 2.654 ; can_mac_pcs_fce:u_dut|can_mac:u_mac|can_mac_fsm:u_can_mac_fsm|state.s_error_delimiter              ; can_mac_pcs_fce:u_dut|can_mac:u_mac|can_mac_fsm:u_can_mac_fsm|state.s_arbitration            ; clk          ; clk         ; 6.000        ; -0.031     ; 3.303      ;
; 2.654 ; can_mac_pcs_fce:u_dut|can_mac:u_mac|can_mac_fsm:u_can_mac_fsm|bit_count[2]                         ; can_mac_pcs_fce:u_dut|can_mac:u_mac|can_mac_fsm:u_can_mac_fsm|state.s_error_delimiter        ; clk          ; clk         ; 6.000        ; -0.031     ; 3.303      ;
; 2.655 ; can_mac_pcs_fce:u_dut|can_mac:u_mac|can_mac_fsm:u_can_mac_fsm|bit_count[0]                         ; can_mac_pcs_fce:u_dut|can_mac:u_mac|can_mac_fsm:u_can_mac_fsm|state.s_arbitration            ; clk          ; clk         ; 6.000        ; -0.039     ; 3.294      ;
; 2.655 ; can_mac_pcs_fce:u_dut|can_mac:u_mac|can_mac_fsm:u_can_mac_fsm|crc_length[0]                        ; can_mac_pcs_fce:u_dut|can_mac:u_mac|can_mac_fsm:u_can_mac_fsm|state.s_intermission           ; clk          ; clk         ; 6.000        ; -0.050     ; 3.283      ;
; 2.659 ; can_mac_pcs_fce:u_dut|can_mac:u_mac|can_mac_bs:u_can_mac_bs|bs_o.valid                             ; can_mac_pcs_fce:u_dut|can_mac:u_mac|can_mac_fsm:u_can_mac_fsm|state.s_arbitration            ; clk          ; clk         ; 6.000        ; -0.037     ; 3.292      ;
; 2.659 ; can_mac_pcs_fce:u_dut|can_mac:u_mac|can_mac_fsm:u_can_mac_fsm|data_len[1]                          ; can_mac_pcs_fce:u_dut|can_mac:u_mac|can_mac_fsm:u_can_mac_fsm|state.s_arbitration            ; clk          ; clk         ; 6.000        ; -0.049     ; 3.280      ;
; 2.660 ; can_mac_pcs_fce:u_dut|can_mac:u_mac|can_mac_fsm:u_can_mac_fsm|drive_bit                            ; can_mac_pcs_fce:u_dut|can_mac:u_mac|can_mac_fsm:u_can_mac_fsm|state.s_arbitration            ; clk          ; clk         ; 6.000        ; -0.035     ; 3.293      ;
; 2.660 ; can_mac_pcs_fce:u_dut|can_mac:u_mac|can_mac_fsm:u_can_mac_fsm|bit_count[2]                         ; can_mac_pcs_fce:u_dut|can_mac:u_mac|can_mac_fsm:u_can_mac_fsm|state.s_intermission           ; clk          ; clk         ; 6.000        ; -0.031     ; 3.297      ;
; 2.662 ; can_mac_pcs_fce:u_dut|can_mac:u_mac|can_mac_fsm:u_can_mac_fsm|crc_length[0]                        ; can_mac_pcs_fce:u_dut|can_mac:u_mac|can_mac_fsm:u_can_mac_fsm|state.s_ack_delimiter          ; clk          ; clk         ; 6.000        ; -0.050     ; 3.276      ;
; 2.665 ; can_mac_pcs_fce:u_dut|can_mac:u_mac|can_mac_fsm:u_can_mac_fsm|state.s_res_r0                       ; can_mac_pcs_fce:u_dut|can_mac:u_mac|can_mac_fsm:u_can_mac_fsm|state.s_ack_delimiter          ; clk          ; clk         ; 6.000        ; -0.043     ; 3.280      ;
; 2.666 ; can_mac_pcs_fce:u_dut|can_mac:u_mac|can_mac_fsm:u_can_mac_fsm|state.s_brs                          ; can_mac_pcs_fce:u_dut|can_mac:u_mac|can_mac_fsm:u_can_mac_fsm|state.s_ack_delimiter          ; clk          ; clk         ; 6.000        ; -0.043     ; 3.279      ;
; 2.667 ; can_mac_pcs_fce:u_dut|can_pcs:u_pcs|mac_o.rx_data                                                  ; can_mac_pcs_fce:u_dut|can_mac:u_mac|can_mac_fsm:u_can_mac_fsm|bit_count[0]                   ; clk          ; clk         ; 6.000        ; -0.033     ; 3.288      ;
; 2.667 ; can_mac_pcs_fce:u_dut|can_mac:u_mac|can_mac_fsm:u_can_mac_fsm|bit_count[2]                         ; can_mac_pcs_fce:u_dut|can_mac:u_mac|can_mac_fsm:u_can_mac_fsm|state.s_ack_delimiter          ; clk          ; clk         ; 6.000        ; -0.031     ; 3.290      ;
; 2.672 ; can_mac_pcs_fce:u_dut|can_mac:u_mac|can_mac_fsm:u_can_mac_fsm|in_data_phase                        ; can_mac_pcs_fce:u_dut|can_mac:u_mac|can_mac_fsm:u_can_mac_fsm|llc_frame[11][1]               ; clk          ; clk         ; 6.000        ; -0.045     ; 3.271      ;
; 2.674 ; reset_i                                                                                            ; can_mac_pcs_fce:u_dut|can_mac:u_mac|can_mac_fsm:u_can_mac_fsm|llc_frame[34][0]               ; clk          ; clk         ; 6.000        ; 1.125      ; 2.439      ;
; 2.676 ; can_mac_pcs_fce:u_dut|can_mac:u_mac|can_mac_fsm:u_can_mac_fsm|llc_frame[0][6]                      ; can_mac_pcs_fce:u_dut|can_mac:u_mac|can_mac_fsm:u_can_mac_fsm|state.s_arbitration            ; clk          ; clk         ; 6.000        ; -0.046     ; 3.266      ;
; 2.679 ; can_mac_pcs_fce:u_dut|can_mac:u_mac|can_mac_fsm:u_can_mac_fsm|in_data_phase                        ; can_mac_pcs_fce:u_dut|can_mac:u_mac|can_mac_fsm:u_can_mac_fsm|llc_frame[44][6]               ; clk          ; clk         ; 6.000        ; -0.042     ; 3.267      ;
; 2.680 ; can_mac_pcs_fce:u_dut|can_mac:u_mac|can_mac_fsm:u_can_mac_fsm|transmitted_bits_shift_reg[0]        ; can_mac_pcs_fce:u_dut|can_mac:u_mac|can_mac_fsm:u_can_mac_fsm|bit_count[0]                   ; clk          ; clk         ; 6.000        ; -0.043     ; 3.265      ;
; 2.680 ; can_mac_pcs_fce:u_dut|can_mac:u_mac|can_mac_fsm:u_can_mac_fsm|is_transmitter                       ; can_mac_pcs_fce:u_dut|can_mac:u_mac|can_mac_fsm:u_can_mac_fsm|state.s_arbitration            ; clk          ; clk         ; 6.000        ; -0.039     ; 3.269      ;
; 2.680 ; can_mac_pcs_fce:u_dut|can_mac:u_mac|can_mac_fsm:u_can_mac_fsm|state.s_bus_reintegration            ; can_mac_pcs_fce:u_dut|can_mac:u_mac|can_mac_fsm:u_can_mac_fsm|crc_length[1]                  ; clk          ; clk         ; 6.000        ; -0.219     ; 3.089      ;
; 2.682 ; can_mac_pcs_fce:u_dut|can_mac:u_mac|can_mac_fsm:u_can_mac_fsm|in_data_phase                        ; can_mac_pcs_fce:u_dut|can_mac:u_mac|can_mac_fsm:u_can_mac_fsm|data_len[4]                    ; clk          ; clk         ; 6.000        ; -0.039     ; 3.267      ;
; 2.683 ; can_mac_pcs_fce:u_dut|can_mac:u_mac|can_mac_fsm:u_can_mac_fsm|state.s_res_r0                       ; can_mac_pcs_fce:u_dut|can_mac:u_mac|can_mac_fsm:u_can_mac_fsm|state.s_data                   ; clk          ; clk         ; 6.000        ; -0.034     ; 3.271      ;
; 2.684 ; can_mac_pcs_fce:u_dut|can_mac:u_mac|can_mac_fsm:u_can_mac_fsm|state.s_brs                          ; can_mac_pcs_fce:u_dut|can_mac:u_mac|can_mac_fsm:u_can_mac_fsm|state.s_data                   ; clk          ; clk         ; 6.000        ; -0.034     ; 3.270      ;
; 2.688 ; can_mac_pcs_fce:u_dut|can_mac:u_mac|can_mac_fsm:u_can_mac_fsm|stream_index[4]                      ; can_mac_pcs_fce:u_dut|can_mac:u_mac|can_mac_fsm:u_can_mac_fsm|llc_o.avalon_st_source.data[1] ; clk          ; clk         ; 6.000        ; -0.039     ; 3.261      ;
; 2.690 ; can_mac_pcs_fce:u_dut|can_mac:u_mac|can_mac_fsm:u_can_mac_fsm|in_data_phase                        ; can_mac_pcs_fce:u_dut|can_mac:u_mac|can_mac_fsm:u_can_mac_fsm|llc_frame[34][0]               ; clk          ; clk         ; 6.000        ; -0.045     ; 3.253      ;
; 2.693 ; can_mac_pcs_fce:u_dut|can_mac:u_mac|can_mac_fsm:u_can_mac_fsm|state.s_arbitration                  ; can_mac_pcs_fce:u_dut|can_mac:u_mac|can_mac_fsm:u_can_mac_fsm|state.s_arbitration            ; clk          ; clk         ; 6.000        ; -0.033     ; 3.262      ;
; 2.695 ; can_mac_pcs_fce:u_dut|can_mac:u_mac|can_mac_fsm:u_can_mac_fsm|stream_index[0]                      ; can_mac_pcs_fce:u_dut|can_mac:u_mac|can_mac_fsm:u_can_mac_fsm|llc_o.avalon_st_source.data[3] ; clk          ; clk         ; 6.000        ; -0.051     ; 3.242      ;
; 2.697 ; can_mac_pcs_fce:u_dut|can_mac:u_mac|can_mac_fsm:u_can_mac_fsm|transmitted_bits_shift_reg[0]        ; can_mac_pcs_fce:u_dut|can_mac:u_mac|can_mac_fsm:u_can_mac_fsm|state.s_arbitration            ; clk          ; clk         ; 6.000        ; -0.040     ; 3.251      ;
; 2.699 ; can_mac_pcs_fce:u_dut|can_mac:u_mac|can_mac_fsm:u_can_mac_fsm|bit_count[0]                         ; can_mac_pcs_fce:u_dut|can_mac:u_mac|can_mac_fsm:u_can_mac_fsm|transmitted_bits_shift_reg[0]  ; clk          ; clk         ; 6.000        ; -0.024     ; 3.265      ;
; 2.700 ; can_mac_pcs_fce:u_dut|can_mac:u_mac|can_mac_fsm:u_can_mac_fsm|stream_index[2]                      ; can_mac_pcs_fce:u_dut|can_mac:u_mac|can_mac_fsm:u_can_mac_fsm|llc_o.avalon_st_source.data[4] ; clk          ; clk         ; 6.000        ; -0.050     ; 3.238      ;
; 2.700 ; can_mac_pcs_fce:u_dut|can_mac:u_mac|can_mac_fsm:u_can_mac_fsm|state.s_bus_reintegration            ; can_mac_pcs_fce:u_dut|can_mac:u_mac|can_mac_fsm:u_can_mac_fsm|data_len[4]                    ; clk          ; clk         ; 6.000        ; -0.225     ; 3.063      ;
; 2.702 ; can_mac_pcs_fce:u_dut|can_mac:u_mac|can_mac_fsm:u_can_mac_fsm|in_data_phase                        ; can_mac_pcs_fce:u_dut|can_mac:u_mac|can_mac_fsm:u_can_mac_fsm|bit_count[3]                   ; clk          ; clk         ; 6.000        ; -0.039     ; 3.247      ;
; 2.702 ; can_mac_pcs_fce:u_dut|can_mac:u_mac|can_mac_fsm:u_can_mac_fsm|in_data_phase                        ; can_mac_pcs_fce:u_dut|can_mac:u_mac|can_mac_fsm:u_can_mac_fsm|bit_count[9]                   ; clk          ; clk         ; 6.000        ; -0.039     ; 3.247      ;
; 2.702 ; can_mac_pcs_fce:u_dut|can_mac:u_mac|can_mac_fsm:u_can_mac_fsm|in_data_phase                        ; can_mac_pcs_fce:u_dut|can_mac:u_mac|can_mac_fsm:u_can_mac_fsm|bit_count[4]                   ; clk          ; clk         ; 6.000        ; -0.039     ; 3.247      ;
; 2.702 ; can_mac_pcs_fce:u_dut|can_mac:u_mac|can_mac_fsm:u_can_mac_fsm|in_data_phase                        ; can_mac_pcs_fce:u_dut|can_mac:u_mac|can_mac_fsm:u_can_mac_fsm|bit_count[8]                   ; clk          ; clk         ; 6.000        ; -0.039     ; 3.247      ;
; 2.702 ; can_mac_pcs_fce:u_dut|can_mac:u_mac|can_mac_fsm:u_can_mac_fsm|in_data_phase                        ; can_mac_pcs_fce:u_dut|can_mac:u_mac|can_mac_fsm:u_can_mac_fsm|bit_count[1]                   ; clk          ; clk         ; 6.000        ; -0.039     ; 3.247      ;
; 2.702 ; can_mac_pcs_fce:u_dut|can_mac:u_mac|can_mac_fsm:u_can_mac_fsm|in_data_phase                        ; can_mac_pcs_fce:u_dut|can_mac:u_mac|can_mac_fsm:u_can_mac_fsm|bit_count[6]                   ; clk          ; clk         ; 6.000        ; -0.039     ; 3.247      ;
; 2.702 ; can_mac_pcs_fce:u_dut|can_mac:u_mac|can_mac_fsm:u_can_mac_fsm|in_data_phase                        ; can_mac_pcs_fce:u_dut|can_mac:u_mac|can_mac_fsm:u_can_mac_fsm|bit_count[7]                   ; clk          ; clk         ; 6.000        ; -0.039     ; 3.247      ;
; 2.702 ; can_mac_pcs_fce:u_dut|can_mac:u_mac|can_mac_fsm:u_can_mac_fsm|in_data_phase                        ; can_mac_pcs_fce:u_dut|can_mac:u_mac|can_mac_fsm:u_can_mac_fsm|bit_count[5]                   ; clk          ; clk         ; 6.000        ; -0.039     ; 3.247      ;
; 2.702 ; can_mac_pcs_fce:u_dut|can_mac:u_mac|can_mac_fsm:u_can_mac_fsm|in_data_phase                        ; can_mac_pcs_fce:u_dut|can_mac:u_mac|can_mac_fsm:u_can_mac_fsm|bit_count[2]                   ; clk          ; clk         ; 6.000        ; -0.039     ; 3.247      ;
; 2.704 ; can_mac_pcs_fce:u_dut|can_mac:u_mac|can_mac_fsm:u_can_mac_fsm|data_len[3]                          ; can_mac_pcs_fce:u_dut|can_mac:u_mac|can_mac_fsm:u_can_mac_fsm|state.s_intermission           ; clk          ; clk         ; 6.000        ; -0.051     ; 3.233      ;
; 2.705 ; can_mac_pcs_fce:u_dut|can_pcs:u_pcs|mac_o.rx_data                                                  ; can_mac_pcs_fce:u_dut|can_mac:u_mac|can_mac_fsm:u_can_mac_fsm|state.s_arbitration            ; clk          ; clk         ; 6.000        ; -0.030     ; 3.253      ;
; 2.706 ; can_mac_pcs_fce:u_dut|can_mac:u_mac|can_mac_fsm:u_can_mac_fsm|bit_count[6]                         ; can_mac_pcs_fce:u_dut|can_mac:u_mac|can_mac_fsm:u_can_mac_fsm|state.s_arbitration            ; clk          ; clk         ; 6.000        ; -0.029     ; 3.253      ;
; 2.706 ; can_mac_pcs_fce:u_dut|can_mac:u_mac|can_mac_fsm:u_can_mac_fsm|state.s_eof                          ; can_mac_pcs_fce:u_dut|can_mac:u_mac|can_mac_fsm:u_can_mac_fsm|state.s_arbitration            ; clk          ; clk         ; 6.000        ; -0.235     ; 3.047      ;
; 2.708 ; can_mac_pcs_fce:u_dut|can_mac:u_mac|can_mac_fsm:u_can_mac_fsm|state.s_esi                          ; can_mac_pcs_fce:u_dut|can_mac:u_mac|can_mac_fsm:u_can_mac_fsm|state.s_intermission           ; clk          ; clk         ; 6.000        ; -0.043     ; 3.237      ;
; 2.709 ; can_mac_pcs_fce:u_dut|can_mac:u_mac|can_mac_fsm:u_can_mac_fsm|in_data_phase                        ; can_mac_pcs_fce:u_dut|can_mac:u_mac|can_mac_fsm:u_can_mac_fsm|llc_frame[68][1]               ; clk          ; clk         ; 6.000        ; 0.143      ; 3.422      ;
; 2.709 ; can_mac_pcs_fce:u_dut|can_mac:u_mac|can_mac_fsm:u_can_mac_fsm|in_data_phase                        ; can_mac_pcs_fce:u_dut|can_mac:u_mac|can_mac_fsm:u_can_mac_fsm|llc_frame[68][0]               ; clk          ; clk         ; 6.000        ; 0.143      ; 3.422      ;
; 2.709 ; can_mac_pcs_fce:u_dut|can_mac:u_mac|can_mac_fsm:u_can_mac_fsm|in_data_phase                        ; can_mac_pcs_fce:u_dut|can_mac:u_mac|can_mac_fsm:u_can_mac_fsm|llc_frame[68][3]               ; clk          ; clk         ; 6.000        ; 0.143      ; 3.422      ;
; 2.711 ; can_mac_pcs_fce:u_dut|can_mac:u_mac|can_mac_fsm:u_can_mac_fsm|in_data_phase                        ; can_mac_pcs_fce:u_dut|can_mac:u_mac|can_mac_fsm:u_can_mac_fsm|llc_frame[1][5]                ; clk          ; clk         ; 6.000        ; -0.031     ; 3.246      ;
; 2.714 ; can_mac_pcs_fce:u_dut|can_mac:u_mac|can_mac_fsm:u_can_mac_fsm|crc_length[0]                        ; can_mac_pcs_fce:u_dut|can_mac:u_mac|can_mac_fsm:u_can_mac_fsm|state.s_crc_delimiter          ; clk          ; clk         ; 6.000        ; 0.130      ; 3.404      ;
; 2.717 ; can_mac_pcs_fce:u_dut|can_mac:u_mac|can_mac_fsm:u_can_mac_fsm|state.s_esi                          ; can_mac_pcs_fce:u_dut|can_mac:u_mac|can_mac_fsm:u_can_mac_fsm|state.s_arbitration            ; clk          ; clk         ; 6.000        ; -0.041     ; 3.230      ;
; 2.718 ; can_mac_pcs_fce:u_dut|can_mac:u_mac|can_mac_fsm:u_can_mac_fsm|in_data_phase                        ; can_mac_pcs_fce:u_dut|can_mac:u_mac|can_mac_fsm:u_can_mac_fsm|llc_frame[60][7]               ; clk          ; clk         ; 6.000        ; 0.148      ; 3.418      ;
; 2.718 ; can_mac_pcs_fce:u_dut|can_mac:u_mac|can_mac_fsm:u_can_mac_fsm|in_data_phase                        ; can_mac_pcs_fce:u_dut|can_mac:u_mac|can_mac_fsm:u_can_mac_fsm|llc_frame[56][7]               ; clk          ; clk         ; 6.000        ; 0.148      ; 3.418      ;
+-------+----------------------------------------------------------------------------------------------------+----------------------------------------------------------------------------------------------+--------------+-------------+--------------+------------+------------+


+-----------------------------------------------------------------------------------------------------------------------------------------------------------------------------------------------------------------------------------------------+
; Fast 1200mV -40C Model Hold: 'clk'                                                                                                                                                                                                            ;
+-------+--------------------------------------------------------------------------------+--------------------------------------------------------------------------------+--------------+-------------+--------------+------------+------------+
; Slack ; From Node                                                                      ; To Node                                                                        ; Launch Clock ; Latch Clock ; Relationship ; Clock Skew ; Data Delay ;
+-------+--------------------------------------------------------------------------------+--------------------------------------------------------------------------------+--------------+-------------+--------------+------------+------------+
; 0.171 ; can_mac_pcs_fce:u_dut|can_mac:u_mac|can_mac_fsm:u_can_mac_fsm|llc_frame[51][5] ; can_mac_pcs_fce:u_dut|can_mac:u_mac|can_mac_fsm:u_can_mac_fsm|llc_frame[51][5] ; clk          ; clk         ; 0.000        ; 0.043      ; 0.296      ;
; 0.171 ; can_mac_pcs_fce:u_dut|can_mac:u_mac|can_mac_fsm:u_can_mac_fsm|llc_frame[35][0] ; can_mac_pcs_fce:u_dut|can_mac:u_mac|can_mac_fsm:u_can_mac_fsm|llc_frame[35][0] ; clk          ; clk         ; 0.000        ; 0.043      ; 0.296      ;
; 0.171 ; can_mac_pcs_fce:u_dut|can_mac:u_mac|can_mac_fsm:u_can_mac_fsm|llc_frame[35][5] ; can_mac_pcs_fce:u_dut|can_mac:u_mac|can_mac_fsm:u_can_mac_fsm|llc_frame[35][5] ; clk          ; clk         ; 0.000        ; 0.043      ; 0.296      ;
; 0.171 ; can_mac_pcs_fce:u_dut|can_mac:u_mac|can_mac_fsm:u_can_mac_fsm|llc_frame[37][6] ; can_mac_pcs_fce:u_dut|can_mac:u_mac|can_mac_fsm:u_can_mac_fsm|llc_frame[37][6] ; clk          ; clk         ; 0.000        ; 0.043      ; 0.296      ;
; 0.171 ; can_mac_pcs_fce:u_dut|can_mac:u_mac|can_mac_fsm:u_can_mac_fsm|llc_frame[33][6] ; can_mac_pcs_fce:u_dut|can_mac:u_mac|can_mac_fsm:u_can_mac_fsm|llc_frame[33][6] ; clk          ; clk         ; 0.000        ; 0.043      ; 0.296      ;
; 0.171 ; can_mac_pcs_fce:u_dut|can_mac:u_mac|can_mac_fsm:u_can_mac_fsm|llc_frame[13][6] ; can_mac_pcs_fce:u_dut|can_mac:u_mac|can_mac_fsm:u_can_mac_fsm|llc_frame[13][6] ; clk          ; clk         ; 0.000        ; 0.043      ; 0.296      ;
; 0.171 ; can_mac_pcs_fce:u_dut|can_mac:u_mac|can_mac_fsm:u_can_mac_fsm|llc_frame[12][6] ; can_mac_pcs_fce:u_dut|can_mac:u_mac|can_mac_fsm:u_can_mac_fsm|llc_frame[12][6] ; clk          ; clk         ; 0.000        ; 0.043      ; 0.296      ;
; 0.171 ; can_mac_pcs_fce:u_dut|can_mac:u_mac|can_mac_fsm:u_can_mac_fsm|llc_frame[33][1] ; can_mac_pcs_fce:u_dut|can_mac:u_mac|can_mac_fsm:u_can_mac_fsm|llc_frame[33][1] ; clk          ; clk         ; 0.000        ; 0.043      ; 0.296      ;
; 0.172 ; can_mac_pcs_fce:u_dut|can_mac:u_mac|can_mac_fsm:u_can_mac_fsm|llc_frame[54][5] ; can_mac_pcs_fce:u_dut|can_mac:u_mac|can_mac_fsm:u_can_mac_fsm|llc_frame[54][5] ; clk          ; clk         ; 0.000        ; 0.042      ; 0.296      ;
; 0.172 ; can_mac_pcs_fce:u_dut|can_mac:u_mac|can_mac_fsm:u_can_mac_fsm|llc_frame[37][0] ; can_mac_pcs_fce:u_dut|can_mac:u_mac|can_mac_fsm:u_can_mac_fsm|llc_frame[37][0] ; clk          ; clk         ; 0.000        ; 0.042      ; 0.296      ;
; 0.172 ; can_mac_pcs_fce:u_dut|can_mac:u_mac|can_mac_fsm:u_can_mac_fsm|llc_frame[5][0]  ; can_mac_pcs_fce:u_dut|can_mac:u_mac|can_mac_fsm:u_can_mac_fsm|llc_frame[5][0]  ; clk          ; clk         ; 0.000        ; 0.042      ; 0.296      ;
; 0.172 ; can_mac_pcs_fce:u_dut|can_mac:u_mac|can_mac_fsm:u_can_mac_fsm|llc_frame[15][3] ; can_mac_pcs_fce:u_dut|can_mac:u_mac|can_mac_fsm:u_can_mac_fsm|llc_frame[15][3] ; clk          ; clk         ; 0.000        ; 0.042      ; 0.296      ;
; 0.172 ; can_mac_pcs_fce:u_dut|can_mac:u_mac|can_mac_fsm:u_can_mac_fsm|llc_frame[55][2] ; can_mac_pcs_fce:u_dut|can_mac:u_mac|can_mac_fsm:u_can_mac_fsm|llc_frame[55][2] ; clk          ; clk         ; 0.000        ; 0.042      ; 0.296      ;
; 0.172 ; can_mac_pcs_fce:u_dut|can_mac:u_mac|can_mac_fsm:u_can_mac_fsm|llc_frame[18][5] ; can_mac_pcs_fce:u_dut|can_mac:u_mac|can_mac_fsm:u_can_mac_fsm|llc_frame[18][5] ; clk          ; clk         ; 0.000        ; 0.042      ; 0.296      ;
; 0.172 ; can_mac_pcs_fce:u_dut|can_mac:u_mac|can_mac_fsm:u_can_mac_fsm|llc_frame[34][5] ; can_mac_pcs_fce:u_dut|can_mac:u_mac|can_mac_fsm:u_can_mac_fsm|llc_frame[34][5] ; clk          ; clk         ; 0.000        ; 0.042      ; 0.296      ;
; 0.172 ; can_mac_pcs_fce:u_dut|can_mac:u_mac|can_mac_fsm:u_can_mac_fsm|llc_frame[39][2] ; can_mac_pcs_fce:u_dut|can_mac:u_mac|can_mac_fsm:u_can_mac_fsm|llc_frame[39][2] ; clk          ; clk         ; 0.000        ; 0.042      ; 0.296      ;
; 0.172 ; can_mac_pcs_fce:u_dut|can_mac:u_mac|can_mac_fsm:u_can_mac_fsm|llc_frame[46][1] ; can_mac_pcs_fce:u_dut|can_mac:u_mac|can_mac_fsm:u_can_mac_fsm|llc_frame[46][1] ; clk          ; clk         ; 0.000        ; 0.042      ; 0.296      ;
; 0.172 ; can_mac_pcs_fce:u_dut|can_mac:u_mac|can_mac_fsm:u_can_mac_fsm|llc_frame[39][5] ; can_mac_pcs_fce:u_dut|can_mac:u_mac|can_mac_fsm:u_can_mac_fsm|llc_frame[39][5] ; clk          ; clk         ; 0.000        ; 0.042      ; 0.296      ;
; 0.172 ; can_mac_pcs_fce:u_dut|can_mac:u_mac|can_mac_fsm:u_can_mac_fsm|llc_frame[54][1] ; can_mac_pcs_fce:u_dut|can_mac:u_mac|can_mac_fsm:u_can_mac_fsm|llc_frame[54][1] ; clk          ; clk         ; 0.000        ; 0.042      ; 0.296      ;
; 0.172 ; can_mac_pcs_fce:u_dut|can_mac:u_mac|can_mac_fsm:u_can_mac_fsm|llc_frame[58][3] ; can_mac_pcs_fce:u_dut|can_mac:u_mac|can_mac_fsm:u_can_mac_fsm|llc_frame[58][3] ; clk          ; clk         ; 0.000        ; 0.042      ; 0.296      ;
; 0.172 ; can_mac_pcs_fce:u_dut|can_mac:u_mac|can_mac_fsm:u_can_mac_fsm|llc_frame[29][5] ; can_mac_pcs_fce:u_dut|can_mac:u_mac|can_mac_fsm:u_can_mac_fsm|llc_frame[29][5] ; clk          ; clk         ; 0.000        ; 0.042      ; 0.296      ;
; 0.172 ; can_mac_pcs_fce:u_dut|can_mac:u_mac|can_mac_fsm:u_can_mac_fsm|llc_frame[35][2] ; can_mac_pcs_fce:u_dut|can_mac:u_mac|can_mac_fsm:u_can_mac_fsm|llc_frame[35][2] ; clk          ; clk         ; 0.000        ; 0.042      ; 0.296      ;
; 0.172 ; can_mac_pcs_fce:u_dut|can_mac:u_mac|can_mac_fsm:u_can_mac_fsm|llc_frame[16][2] ; can_mac_pcs_fce:u_dut|can_mac:u_mac|can_mac_fsm:u_can_mac_fsm|llc_frame[16][2] ; clk          ; clk         ; 0.000        ; 0.042      ; 0.296      ;
; 0.172 ; can_mac_pcs_fce:u_dut|can_mac:u_mac|can_mac_fsm:u_can_mac_fsm|llc_frame[55][5] ; can_mac_pcs_fce:u_dut|can_mac:u_mac|can_mac_fsm:u_can_mac_fsm|llc_frame[55][5] ; clk          ; clk         ; 0.000        ; 0.042      ; 0.296      ;
; 0.172 ; can_mac_pcs_fce:u_dut|can_mac:u_mac|can_mac_fsm:u_can_mac_fsm|llc_frame[28][5] ; can_mac_pcs_fce:u_dut|can_mac:u_mac|can_mac_fsm:u_can_mac_fsm|llc_frame[28][5] ; clk          ; clk         ; 0.000        ; 0.042      ; 0.296      ;
; 0.172 ; can_mac_pcs_fce:u_dut|can_pcs:u_pcs|segment.s_phase_seg1                       ; can_mac_pcs_fce:u_dut|can_pcs:u_pcs|segment.s_phase_seg1                       ; clk          ; clk         ; 0.000        ; 0.042      ; 0.296      ;
; 0.172 ; can_mac_pcs_fce:u_dut|can_mac:u_mac|can_mac_fsm:u_can_mac_fsm|llc_frame[58][2] ; can_mac_pcs_fce:u_dut|can_mac:u_mac|can_mac_fsm:u_can_mac_fsm|llc_frame[58][2] ; clk          ; clk         ; 0.000        ; 0.042      ; 0.296      ;
; 0.172 ; can_mac_pcs_fce:u_dut|can_mac:u_mac|can_mac_fsm:u_can_mac_fsm|llc_frame[34][1] ; can_mac_pcs_fce:u_dut|can_mac:u_mac|can_mac_fsm:u_can_mac_fsm|llc_frame[34][1] ; clk          ; clk         ; 0.000        ; 0.042      ; 0.296      ;
; 0.172 ; can_mac_pcs_fce:u_dut|can_mac:u_mac|can_mac_fsm:u_can_mac_fsm|llc_frame[40][5] ; can_mac_pcs_fce:u_dut|can_mac:u_mac|can_mac_fsm:u_can_mac_fsm|llc_frame[40][5] ; clk          ; clk         ; 0.000        ; 0.042      ; 0.296      ;
; 0.172 ; can_mac_pcs_fce:u_dut|can_mac:u_mac|can_mac_fsm:u_can_mac_fsm|llc_frame[10][1] ; can_mac_pcs_fce:u_dut|can_mac:u_mac|can_mac_fsm:u_can_mac_fsm|llc_frame[10][1] ; clk          ; clk         ; 0.000        ; 0.042      ; 0.296      ;
; 0.172 ; can_mac_pcs_fce:u_dut|can_mac:u_mac|can_mac_fsm:u_can_mac_fsm|llc_frame[66][1] ; can_mac_pcs_fce:u_dut|can_mac:u_mac|can_mac_fsm:u_can_mac_fsm|llc_frame[66][1] ; clk          ; clk         ; 0.000        ; 0.042      ; 0.296      ;
; 0.172 ; can_mac_pcs_fce:u_dut|can_mac:u_mac|can_mac_fsm:u_can_mac_fsm|llc_frame[57][3] ; can_mac_pcs_fce:u_dut|can_mac:u_mac|can_mac_fsm:u_can_mac_fsm|llc_frame[57][3] ; clk          ; clk         ; 0.000        ; 0.042      ; 0.296      ;
; 0.172 ; can_mac_pcs_fce:u_dut|can_mac:u_mac|can_mac_fsm:u_can_mac_fsm|llc_frame[65][1] ; can_mac_pcs_fce:u_dut|can_mac:u_mac|can_mac_fsm:u_can_mac_fsm|llc_frame[65][1] ; clk          ; clk         ; 0.000        ; 0.042      ; 0.296      ;
; 0.172 ; can_mac_pcs_fce:u_dut|can_mac:u_mac|can_mac_fsm:u_can_mac_fsm|llc_frame[57][4] ; can_mac_pcs_fce:u_dut|can_mac:u_mac|can_mac_fsm:u_can_mac_fsm|llc_frame[57][4] ; clk          ; clk         ; 0.000        ; 0.042      ; 0.296      ;
; 0.172 ; can_mac_pcs_fce:u_dut|can_mac:u_mac|can_mac_fsm:u_can_mac_fsm|llc_frame[56][3] ; can_mac_pcs_fce:u_dut|can_mac:u_mac|can_mac_fsm:u_can_mac_fsm|llc_frame[56][3] ; clk          ; clk         ; 0.000        ; 0.042      ; 0.296      ;
; 0.172 ; can_mac_pcs_fce:u_dut|can_mac:u_mac|can_mac_fsm:u_can_mac_fsm|llc_frame[67][1] ; can_mac_pcs_fce:u_dut|can_mac:u_mac|can_mac_fsm:u_can_mac_fsm|llc_frame[67][1] ; clk          ; clk         ; 0.000        ; 0.042      ; 0.296      ;
; 0.172 ; can_mac_pcs_fce:u_dut|can_mac:u_mac|can_mac_fsm:u_can_mac_fsm|llc_frame[38][1] ; can_mac_pcs_fce:u_dut|can_mac:u_mac|can_mac_fsm:u_can_mac_fsm|llc_frame[38][1] ; clk          ; clk         ; 0.000        ; 0.042      ; 0.296      ;
; 0.172 ; can_mac_pcs_fce:u_dut|can_mac:u_mac|can_mac_fsm:u_can_mac_fsm|llc_frame[64][1] ; can_mac_pcs_fce:u_dut|can_mac:u_mac|can_mac_fsm:u_can_mac_fsm|llc_frame[64][1] ; clk          ; clk         ; 0.000        ; 0.042      ; 0.296      ;
; 0.172 ; can_mac_pcs_fce:u_dut|can_mac:u_mac|can_mac_fsm:u_can_mac_fsm|llc_frame[7][0]  ; can_mac_pcs_fce:u_dut|can_mac:u_mac|can_mac_fsm:u_can_mac_fsm|llc_frame[7][0]  ; clk          ; clk         ; 0.000        ; 0.042      ; 0.296      ;
; 0.172 ; can_mac_pcs_fce:u_dut|can_mac:u_mac|can_mac_fsm:u_can_mac_fsm|llc_frame[31][4] ; can_mac_pcs_fce:u_dut|can_mac:u_mac|can_mac_fsm:u_can_mac_fsm|llc_frame[31][4] ; clk          ; clk         ; 0.000        ; 0.042      ; 0.296      ;
; 0.172 ; can_mac_pcs_fce:u_dut|can_mac:u_mac|can_mac_fsm:u_can_mac_fsm|llc_frame[23][0] ; can_mac_pcs_fce:u_dut|can_mac:u_mac|can_mac_fsm:u_can_mac_fsm|llc_frame[23][0] ; clk          ; clk         ; 0.000        ; 0.042      ; 0.296      ;
; 0.172 ; can_mac_pcs_fce:u_dut|can_mac:u_mac|can_mac_fsm:u_can_mac_fsm|llc_frame[55][4] ; can_mac_pcs_fce:u_dut|can_mac:u_mac|can_mac_fsm:u_can_mac_fsm|llc_frame[55][4] ; clk          ; clk         ; 0.000        ; 0.042      ; 0.296      ;
; 0.172 ; can_mac_pcs_fce:u_dut|can_mac:u_mac|can_mac_fsm:u_can_mac_fsm|llc_frame[27][4] ; can_mac_pcs_fce:u_dut|can_mac:u_mac|can_mac_fsm:u_can_mac_fsm|llc_frame[27][4] ; clk          ; clk         ; 0.000        ; 0.042      ; 0.296      ;
; 0.172 ; can_mac_pcs_fce:u_dut|can_mac:u_mac|can_mac_fsm:u_can_mac_fsm|llc_frame[12][5] ; can_mac_pcs_fce:u_dut|can_mac:u_mac|can_mac_fsm:u_can_mac_fsm|llc_frame[12][5] ; clk          ; clk         ; 0.000        ; 0.042      ; 0.296      ;
; 0.172 ; can_mac_pcs_fce:u_dut|can_mac:u_mac|can_mac_fsm:u_can_mac_fsm|llc_frame[12][4] ; can_mac_pcs_fce:u_dut|can_mac:u_mac|can_mac_fsm:u_can_mac_fsm|llc_frame[12][4] ; clk          ; clk         ; 0.000        ; 0.042      ; 0.296      ;
; 0.172 ; can_mac_pcs_fce:u_dut|can_mac:u_mac|can_mac_fsm:u_can_mac_fsm|llc_frame[6][3]  ; can_mac_pcs_fce:u_dut|can_mac:u_mac|can_mac_fsm:u_can_mac_fsm|llc_frame[6][3]  ; clk          ; clk         ; 0.000        ; 0.042      ; 0.296      ;
; 0.172 ; can_mac_pcs_fce:u_dut|can_mac:u_mac|can_mac_fsm:u_can_mac_fsm|llc_frame[49][4] ; can_mac_pcs_fce:u_dut|can_mac:u_mac|can_mac_fsm:u_can_mac_fsm|llc_frame[49][4] ; clk          ; clk         ; 0.000        ; 0.042      ; 0.296      ;
; 0.172 ; can_mac_pcs_fce:u_dut|can_mac:u_mac|can_mac_fsm:u_can_mac_fsm|llc_frame[31][0] ; can_mac_pcs_fce:u_dut|can_mac:u_mac|can_mac_fsm:u_can_mac_fsm|llc_frame[31][0] ; clk          ; clk         ; 0.000        ; 0.042      ; 0.296      ;
; 0.172 ; can_mac_pcs_fce:u_dut|can_mac:u_mac|can_mac_fsm:u_can_mac_fsm|llc_frame[27][0] ; can_mac_pcs_fce:u_dut|can_mac:u_mac|can_mac_fsm:u_can_mac_fsm|llc_frame[27][0] ; clk          ; clk         ; 0.000        ; 0.042      ; 0.296      ;
; 0.172 ; can_mac_pcs_fce:u_dut|can_mac:u_mac|can_mac_fsm:u_can_mac_fsm|llc_frame[2][4]  ; can_mac_pcs_fce:u_dut|can_mac:u_mac|can_mac_fsm:u_can_mac_fsm|llc_frame[2][4]  ; clk          ; clk         ; 0.000        ; 0.042      ; 0.296      ;
; 0.172 ; can_mac_pcs_fce:u_dut|can_mac:u_mac|can_mac_fsm:u_can_mac_fsm|llc_frame[60][5] ; can_mac_pcs_fce:u_dut|can_mac:u_mac|can_mac_fsm:u_can_mac_fsm|llc_frame[60][5] ; clk          ; clk         ; 0.000        ; 0.042      ; 0.296      ;
; 0.172 ; can_mac_pcs_fce:u_dut|can_mac:u_mac|can_mac_fsm:u_can_mac_fsm|llc_frame[68][1] ; can_mac_pcs_fce:u_dut|can_mac:u_mac|can_mac_fsm:u_can_mac_fsm|llc_frame[68][1] ; clk          ; clk         ; 0.000        ; 0.042      ; 0.296      ;
; 0.172 ; can_mac_pcs_fce:u_dut|can_mac:u_mac|can_mac_fsm:u_can_mac_fsm|llc_frame[44][4] ; can_mac_pcs_fce:u_dut|can_mac:u_mac|can_mac_fsm:u_can_mac_fsm|llc_frame[44][4] ; clk          ; clk         ; 0.000        ; 0.042      ; 0.296      ;
; 0.172 ; can_mac_pcs_fce:u_dut|can_mac:u_mac|can_mac_fsm:u_can_mac_fsm|llc_frame[19][0] ; can_mac_pcs_fce:u_dut|can_mac:u_mac|can_mac_fsm:u_can_mac_fsm|llc_frame[19][0] ; clk          ; clk         ; 0.000        ; 0.042      ; 0.296      ;
; 0.172 ; can_mac_pcs_fce:u_dut|can_mac:u_mac|can_mac_fsm:u_can_mac_fsm|llc_frame[53][4] ; can_mac_pcs_fce:u_dut|can_mac:u_mac|can_mac_fsm:u_can_mac_fsm|llc_frame[53][4] ; clk          ; clk         ; 0.000        ; 0.042      ; 0.296      ;
; 0.172 ; can_mac_pcs_fce:u_dut|can_mac:u_mac|can_mac_fsm:u_can_mac_fsm|llc_frame[60][0] ; can_mac_pcs_fce:u_dut|can_mac:u_mac|can_mac_fsm:u_can_mac_fsm|llc_frame[60][0] ; clk          ; clk         ; 0.000        ; 0.042      ; 0.296      ;
; 0.172 ; can_mac_pcs_fce:u_dut|can_mac:u_mac|can_mac_fsm:u_can_mac_fsm|llc_frame[29][4] ; can_mac_pcs_fce:u_dut|can_mac:u_mac|can_mac_fsm:u_can_mac_fsm|llc_frame[29][4] ; clk          ; clk         ; 0.000        ; 0.042      ; 0.296      ;
; 0.172 ; can_mac_pcs_fce:u_dut|can_mac:u_mac|can_mac_fsm:u_can_mac_fsm|llc_frame[36][4] ; can_mac_pcs_fce:u_dut|can_mac:u_mac|can_mac_fsm:u_can_mac_fsm|llc_frame[36][4] ; clk          ; clk         ; 0.000        ; 0.042      ; 0.296      ;
; 0.172 ; can_mac_pcs_fce:u_dut|can_mac:u_mac|can_mac_fsm:u_can_mac_fsm|llc_frame[39][0] ; can_mac_pcs_fce:u_dut|can_mac:u_mac|can_mac_fsm:u_can_mac_fsm|llc_frame[39][0] ; clk          ; clk         ; 0.000        ; 0.042      ; 0.296      ;
; 0.172 ; can_mac_pcs_fce:u_dut|can_mac:u_mac|can_mac_fsm:u_can_mac_fsm|llc_frame[47][4] ; can_mac_pcs_fce:u_dut|can_mac:u_mac|can_mac_fsm:u_can_mac_fsm|llc_frame[47][4] ; clk          ; clk         ; 0.000        ; 0.042      ; 0.296      ;
; 0.172 ; can_mac_pcs_fce:u_dut|can_mac:u_mac|can_mac_fsm:u_can_mac_fsm|llc_frame[13][5] ; can_mac_pcs_fce:u_dut|can_mac:u_mac|can_mac_fsm:u_can_mac_fsm|llc_frame[13][5] ; clk          ; clk         ; 0.000        ; 0.042      ; 0.296      ;
; 0.172 ; can_mac_pcs_fce:u_dut|can_mac:u_mac|can_mac_fsm:u_can_mac_fsm|llc_frame[19][4] ; can_mac_pcs_fce:u_dut|can_mac:u_mac|can_mac_fsm:u_can_mac_fsm|llc_frame[19][4] ; clk          ; clk         ; 0.000        ; 0.042      ; 0.296      ;
; 0.172 ; can_mac_pcs_fce:u_dut|can_mac:u_mac|can_mac_fsm:u_can_mac_fsm|llc_frame[14][4] ; can_mac_pcs_fce:u_dut|can_mac:u_mac|can_mac_fsm:u_can_mac_fsm|llc_frame[14][4] ; clk          ; clk         ; 0.000        ; 0.042      ; 0.296      ;
; 0.172 ; can_mac_pcs_fce:u_dut|can_mac:u_mac|can_mac_fsm:u_can_mac_fsm|llc_frame[28][0] ; can_mac_pcs_fce:u_dut|can_mac:u_mac|can_mac_fsm:u_can_mac_fsm|llc_frame[28][0] ; clk          ; clk         ; 0.000        ; 0.042      ; 0.296      ;
; 0.172 ; can_mac_pcs_fce:u_dut|can_mac:u_mac|can_mac_fsm:u_can_mac_fsm|llc_frame[9][5]  ; can_mac_pcs_fce:u_dut|can_mac:u_mac|can_mac_fsm:u_can_mac_fsm|llc_frame[9][5]  ; clk          ; clk         ; 0.000        ; 0.042      ; 0.296      ;
; 0.172 ; can_mac_pcs_fce:u_dut|can_mac:u_mac|can_mac_fsm:u_can_mac_fsm|llc_frame[51][0] ; can_mac_pcs_fce:u_dut|can_mac:u_mac|can_mac_fsm:u_can_mac_fsm|llc_frame[51][0] ; clk          ; clk         ; 0.000        ; 0.042      ; 0.296      ;
; 0.172 ; can_mac_pcs_fce:u_dut|can_mac:u_mac|can_mac_fsm:u_can_mac_fsm|llc_frame[5][4]  ; can_mac_pcs_fce:u_dut|can_mac:u_mac|can_mac_fsm:u_can_mac_fsm|llc_frame[5][4]  ; clk          ; clk         ; 0.000        ; 0.042      ; 0.296      ;
; 0.172 ; can_mac_pcs_fce:u_dut|can_mac:u_mac|can_mac_fsm:u_can_mac_fsm|llc_frame[46][2] ; can_mac_pcs_fce:u_dut|can_mac:u_mac|can_mac_fsm:u_can_mac_fsm|llc_frame[46][2] ; clk          ; clk         ; 0.000        ; 0.042      ; 0.296      ;
; 0.172 ; can_mac_pcs_fce:u_dut|can_mac:u_mac|can_mac_fsm:u_can_mac_fsm|llc_frame[4][0]  ; can_mac_pcs_fce:u_dut|can_mac:u_mac|can_mac_fsm:u_can_mac_fsm|llc_frame[4][0]  ; clk          ; clk         ; 0.000        ; 0.042      ; 0.296      ;
; 0.172 ; can_mac_pcs_fce:u_dut|can_mac:u_mac|can_mac_fsm:u_can_mac_fsm|llc_frame[8][4]  ; can_mac_pcs_fce:u_dut|can_mac:u_mac|can_mac_fsm:u_can_mac_fsm|llc_frame[8][4]  ; clk          ; clk         ; 0.000        ; 0.042      ; 0.296      ;
; 0.172 ; can_mac_pcs_fce:u_dut|can_mac:u_mac|can_mac_fsm:u_can_mac_fsm|llc_frame[20][0] ; can_mac_pcs_fce:u_dut|can_mac:u_mac|can_mac_fsm:u_can_mac_fsm|llc_frame[20][0] ; clk          ; clk         ; 0.000        ; 0.042      ; 0.296      ;
; 0.172 ; can_mac_pcs_fce:u_dut|can_mac:u_mac|can_mac_fsm:u_can_mac_fsm|llc_frame[2][2]  ; can_mac_pcs_fce:u_dut|can_mac:u_mac|can_mac_fsm:u_can_mac_fsm|llc_frame[2][2]  ; clk          ; clk         ; 0.000        ; 0.042      ; 0.296      ;
; 0.172 ; can_mac_pcs_fce:u_dut|can_mac:u_mac|can_mac_fsm:u_can_mac_fsm|llc_frame[36][0] ; can_mac_pcs_fce:u_dut|can_mac:u_mac|can_mac_fsm:u_can_mac_fsm|llc_frame[36][0] ; clk          ; clk         ; 0.000        ; 0.042      ; 0.296      ;
; 0.172 ; can_mac_pcs_fce:u_dut|can_mac:u_mac|can_mac_fsm:u_can_mac_fsm|llc_frame[22][4] ; can_mac_pcs_fce:u_dut|can_mac:u_mac|can_mac_fsm:u_can_mac_fsm|llc_frame[22][4] ; clk          ; clk         ; 0.000        ; 0.042      ; 0.296      ;
; 0.172 ; can_mac_pcs_fce:u_dut|can_mac:u_mac|can_mac_fsm:u_can_mac_fsm|llc_frame[18][4] ; can_mac_pcs_fce:u_dut|can_mac:u_mac|can_mac_fsm:u_can_mac_fsm|llc_frame[18][4] ; clk          ; clk         ; 0.000        ; 0.042      ; 0.296      ;
; 0.172 ; can_mac_pcs_fce:u_dut|can_mac:u_mac|can_mac_fsm:u_can_mac_fsm|llc_frame[7][4]  ; can_mac_pcs_fce:u_dut|can_mac:u_mac|can_mac_fsm:u_can_mac_fsm|llc_frame[7][4]  ; clk          ; clk         ; 0.000        ; 0.042      ; 0.296      ;
; 0.172 ; can_mac_pcs_fce:u_dut|can_mac:u_mac|can_mac_fsm:u_can_mac_fsm|llc_frame[11][4] ; can_mac_pcs_fce:u_dut|can_mac:u_mac|can_mac_fsm:u_can_mac_fsm|llc_frame[11][4] ; clk          ; clk         ; 0.000        ; 0.042      ; 0.296      ;
; 0.172 ; can_mac_pcs_fce:u_dut|can_mac:u_mac|can_mac_fsm:u_can_mac_fsm|llc_frame[61][4] ; can_mac_pcs_fce:u_dut|can_mac:u_mac|can_mac_fsm:u_can_mac_fsm|llc_frame[61][4] ; clk          ; clk         ; 0.000        ; 0.042      ; 0.296      ;
; 0.172 ; can_mac_pcs_fce:u_dut|can_mac:u_mac|can_mac_fsm:u_can_mac_fsm|state.s_eof      ; can_mac_pcs_fce:u_dut|can_mac:u_mac|can_mac_fsm:u_can_mac_fsm|state.s_eof      ; clk          ; clk         ; 0.000        ; 0.042      ; 0.296      ;
; 0.172 ; can_mac_pcs_fce:u_dut|can_mac:u_mac|can_mac_fsm:u_can_mac_fsm|llc_frame[24][4] ; can_mac_pcs_fce:u_dut|can_mac:u_mac|can_mac_fsm:u_can_mac_fsm|llc_frame[24][4] ; clk          ; clk         ; 0.000        ; 0.042      ; 0.296      ;
; 0.172 ; can_mac_pcs_fce:u_dut|can_mac:u_mac|can_mac_fsm:u_can_mac_fsm|llc_frame[65][4] ; can_mac_pcs_fce:u_dut|can_mac:u_mac|can_mac_fsm:u_can_mac_fsm|llc_frame[65][4] ; clk          ; clk         ; 0.000        ; 0.042      ; 0.296      ;
; 0.172 ; can_mac_pcs_fce:u_dut|can_mac:u_mac|can_mac_fsm:u_can_mac_fsm|llc_frame[45][4] ; can_mac_pcs_fce:u_dut|can_mac:u_mac|can_mac_fsm:u_can_mac_fsm|llc_frame[45][4] ; clk          ; clk         ; 0.000        ; 0.042      ; 0.296      ;
; 0.172 ; can_mac_pcs_fce:u_dut|can_mac:u_mac|can_mac_fsm:u_can_mac_fsm|llc_frame[62][0] ; can_mac_pcs_fce:u_dut|can_mac:u_mac|can_mac_fsm:u_can_mac_fsm|llc_frame[62][0] ; clk          ; clk         ; 0.000        ; 0.042      ; 0.296      ;
; 0.172 ; can_mac_pcs_fce:u_dut|can_mac:u_mac|can_mac_fsm:u_can_mac_fsm|llc_frame[30][4] ; can_mac_pcs_fce:u_dut|can_mac:u_mac|can_mac_fsm:u_can_mac_fsm|llc_frame[30][4] ; clk          ; clk         ; 0.000        ; 0.042      ; 0.296      ;
; 0.172 ; can_mac_pcs_fce:u_dut|can_mac:u_mac|can_mac_fsm:u_can_mac_fsm|llc_frame[56][0] ; can_mac_pcs_fce:u_dut|can_mac:u_mac|can_mac_fsm:u_can_mac_fsm|llc_frame[56][0] ; clk          ; clk         ; 0.000        ; 0.042      ; 0.296      ;
; 0.172 ; can_mac_pcs_fce:u_dut|can_mac:u_mac|can_mac_fsm:u_can_mac_fsm|llc_frame[2][3]  ; can_mac_pcs_fce:u_dut|can_mac:u_mac|can_mac_fsm:u_can_mac_fsm|llc_frame[2][3]  ; clk          ; clk         ; 0.000        ; 0.042      ; 0.296      ;
; 0.172 ; can_mac_pcs_fce:u_dut|can_mac:u_mac|can_mac_fsm:u_can_mac_fsm|llc_frame[37][4] ; can_mac_pcs_fce:u_dut|can_mac:u_mac|can_mac_fsm:u_can_mac_fsm|llc_frame[37][4] ; clk          ; clk         ; 0.000        ; 0.042      ; 0.296      ;
; 0.172 ; can_mac_pcs_fce:u_dut|can_mac:u_mac|can_mac_fsm:u_can_mac_fsm|llc_frame[11][3] ; can_mac_pcs_fce:u_dut|can_mac:u_mac|can_mac_fsm:u_can_mac_fsm|llc_frame[11][3] ; clk          ; clk         ; 0.000        ; 0.042      ; 0.296      ;
; 0.172 ; can_mac_pcs_fce:u_dut|can_mac:u_mac|can_mac_fsm:u_can_mac_fsm|llc_frame[58][4] ; can_mac_pcs_fce:u_dut|can_mac:u_mac|can_mac_fsm:u_can_mac_fsm|llc_frame[58][4] ; clk          ; clk         ; 0.000        ; 0.042      ; 0.296      ;
; 0.172 ; can_mac_pcs_fce:u_dut|can_mac:u_mac|can_mac_fsm:u_can_mac_fsm|llc_frame[19][3] ; can_mac_pcs_fce:u_dut|can_mac:u_mac|can_mac_fsm:u_can_mac_fsm|llc_frame[19][3] ; clk          ; clk         ; 0.000        ; 0.042      ; 0.296      ;
; 0.172 ; can_mac_pcs_fce:u_dut|can_mac:u_mac|can_mac_fsm:u_can_mac_fsm|llc_frame[21][0] ; can_mac_pcs_fce:u_dut|can_mac:u_mac|can_mac_fsm:u_can_mac_fsm|llc_frame[21][0] ; clk          ; clk         ; 0.000        ; 0.042      ; 0.296      ;
; 0.172 ; can_mac_pcs_fce:u_dut|can_mac:u_mac|can_mac_fsm:u_can_mac_fsm|llc_frame[17][3] ; can_mac_pcs_fce:u_dut|can_mac:u_mac|can_mac_fsm:u_can_mac_fsm|llc_frame[17][3] ; clk          ; clk         ; 0.000        ; 0.042      ; 0.296      ;
; 0.172 ; can_mac_pcs_fce:u_dut|can_mac:u_mac|can_mac_fsm:u_can_mac_fsm|llc_frame[39][4] ; can_mac_pcs_fce:u_dut|can_mac:u_mac|can_mac_fsm:u_can_mac_fsm|llc_frame[39][4] ; clk          ; clk         ; 0.000        ; 0.042      ; 0.296      ;
; 0.172 ; can_mac_pcs_fce:u_dut|can_mac:u_mac|can_mac_fsm:u_can_mac_fsm|llc_frame[22][0] ; can_mac_pcs_fce:u_dut|can_mac:u_mac|can_mac_fsm:u_can_mac_fsm|llc_frame[22][0] ; clk          ; clk         ; 0.000        ; 0.042      ; 0.296      ;
; 0.172 ; can_mac_pcs_fce:u_dut|can_mac:u_mac|can_mac_fsm:u_can_mac_fsm|llc_frame[28][3] ; can_mac_pcs_fce:u_dut|can_mac:u_mac|can_mac_fsm:u_can_mac_fsm|llc_frame[28][3] ; clk          ; clk         ; 0.000        ; 0.042      ; 0.296      ;
; 0.172 ; can_mac_pcs_fce:u_dut|can_mac:u_mac|can_mac_fsm:u_can_mac_fsm|llc_frame[18][3] ; can_mac_pcs_fce:u_dut|can_mac:u_mac|can_mac_fsm:u_can_mac_fsm|llc_frame[18][3] ; clk          ; clk         ; 0.000        ; 0.042      ; 0.296      ;
; 0.172 ; can_mac_pcs_fce:u_dut|can_mac:u_mac|can_mac_fsm:u_can_mac_fsm|llc_frame[9][0]  ; can_mac_pcs_fce:u_dut|can_mac:u_mac|can_mac_fsm:u_can_mac_fsm|llc_frame[9][0]  ; clk          ; clk         ; 0.000        ; 0.042      ; 0.296      ;
; 0.172 ; can_mac_pcs_fce:u_dut|can_mac:u_mac|can_mac_fsm:u_can_mac_fsm|llc_frame[6][0]  ; can_mac_pcs_fce:u_dut|can_mac:u_mac|can_mac_fsm:u_can_mac_fsm|llc_frame[6][0]  ; clk          ; clk         ; 0.000        ; 0.042      ; 0.296      ;
; 0.172 ; can_mac_pcs_fce:u_dut|can_mac:u_mac|can_mac_fsm:u_can_mac_fsm|llc_frame[30][3] ; can_mac_pcs_fce:u_dut|can_mac:u_mac|can_mac_fsm:u_can_mac_fsm|llc_frame[30][3] ; clk          ; clk         ; 0.000        ; 0.042      ; 0.296      ;
; 0.172 ; can_mac_pcs_fce:u_dut|can_mac:u_mac|can_mac_fsm:u_can_mac_fsm|llc_frame[33][3] ; can_mac_pcs_fce:u_dut|can_mac:u_mac|can_mac_fsm:u_can_mac_fsm|llc_frame[33][3] ; clk          ; clk         ; 0.000        ; 0.042      ; 0.296      ;
+-------+--------------------------------------------------------------------------------+--------------------------------------------------------------------------------+--------------+-------------+--------------+------------+------------+


------------------------------------------------
; Fast 1200mV -40C Model Metastability Summary ;
------------------------------------------------
No synchronizer chains to report.


+--------------------------------------------------------------------------------+
; Multicorner Timing Analysis Summary                                            ;
+------------------+----------+-------+----------+---------+---------------------+
; Clock            ; Setup    ; Hold  ; Recovery ; Removal ; Minimum Pulse Width ;
+------------------+----------+-------+----------+---------+---------------------+
; Worst-case Slack ; -1.462   ; 0.171 ; N/A      ; N/A     ; 2.621               ;
;  clk             ; -1.462   ; 0.171 ; N/A      ; N/A     ; 2.621               ;
; Design-wide TNS  ; -297.828 ; 0.0   ; 0.0      ; 0.0     ; 0.0                 ;
;  clk             ; -297.828 ; 0.000 ; N/A      ; N/A     ; 0.000               ;
+------------------+----------+-------+----------+---------+---------------------+


+------------------------------------------------------------------------------------------------------------------------------------------------------------------------------------------------------------------------------------------------------------------------------------------------------------------------------------------------------------------------------------------------------------------+
; Board Trace Model Assignments                                                                                                                                                                                                                                                                                                                                                                                    ;
+---------------+--------------+-------------------+-------------------------+-------------------------+---------------+---------------------+----------------+------------------+--------+------------------+------------------------+------------------------+--------------+---------------+-----------------+-------+---------------------+--------------------+---------------+-----------------+-------------+
; Pin           ; I/O Standard ; Near Tline Length ; Near Tline L per Length ; Near Tline C per Length ; Near Series R ; Near Differential R ; Near Pull-up R ; Near Pull-down R ; Near C ; Far Tline Length ; Far Tline L per Length ; Far Tline C per Length ; Far Series R ; Far Pull-up R ; Far Pull-down R ; Far C ; Termination Voltage ; Far Differential R ; EBD File Name ; EBD Signal Name ; EBD Far-end ;
+---------------+--------------+-------------------+-------------------------+-------------------------+---------------+---------------------+----------------+------------------+--------+------------------+------------------------+------------------------+--------------+---------------+-----------------+-------+---------------------+--------------------+---------------+-----------------+-------------+
; ~ALTERA_DCLK~ ; 2.5 V        ; 0 in              ; 0 H/in                  ; 0 F/in                  ; short         ; -                   ; open           ; open             ; open   ; 0 in             ; 0 H/in                 ; 0 F/in                 ; short        ; open          ; open            ; open  ; 0 V                 ; -                  ; n/a           ; n/a             ; n/a         ;
; ~ALTERA_nCEO~ ; 2.5 V        ; 0 in              ; 0 H/in                  ; 0 F/in                  ; short         ; -                   ; open           ; open             ; open   ; 0 in             ; 0 H/in                 ; 0 F/in                 ; short        ; open          ; open            ; open  ; 0 V                 ; -                  ; n/a           ; n/a             ; n/a         ;
+---------------+--------------+-------------------+-------------------------+-------------------------+---------------+---------------------+----------------+------------------+--------+------------------+------------------------+------------------------+--------------+---------------+-----------------+-------+---------------------+--------------------+---------------+-----------------+-------------+


+----------------------------------------------------------------------------+
; Input Transition Times                                                     ;
+-------------------------+--------------+-----------------+-----------------+
; Pin                     ; I/O Standard ; 10-90 Rise Time ; 90-10 Fall Time ;
+-------------------------+--------------+-----------------+-----------------+
; ~ALTERA_ASDO_DATA1~     ; 2.5 V        ; 2000 ps         ; 2000 ps         ;
; ~ALTERA_FLASH_nCE_nCSO~ ; 2.5 V        ; 2000 ps         ; 2000 ps         ;
; ~ALTERA_DATA0~          ; 2.5 V        ; 2000 ps         ; 2000 ps         ;
+-------------------------+--------------+-----------------+-----------------+


+--------------------------------------------------------------------------------------------------------------------------------------------------------------------------------------------------------------------------------------------------------------------------------------------------------------------------------------------------------------------------------------------------------------------------------------------------------------------------------------------------------------------------------------------------------------------------------------------------------------------------------------------------------------------------------------------+
; Signal Integrity Metrics (Slow 1200mv n40c Model)                                                                                                                                                                                                                                                                                                                                                                                                                                                                                                                                                                                                                                          ;
+---------------+--------------+---------------------+---------------------+------------------------------+------------------------------+---------------------+---------------------+--------------------------------------+--------------------------------------+-----------------------------+-----------------------------+----------------------------+----------------------------+-----------------------------+-----------------------------+--------------------+--------------------+-------------------------------------+-------------------------------------+----------------------------+----------------------------+---------------------------+---------------------------+
; Pin           ; I/O Standard ; Board Delay on Rise ; Board Delay on Fall ; Steady State Voh at FPGA Pin ; Steady State Vol at FPGA Pin ; Voh Max at FPGA Pin ; Vol Min at FPGA Pin ; Ringback Voltage on Rise at FPGA Pin ; Ringback Voltage on Fall at FPGA Pin ; 10-90 Rise Time at FPGA Pin ; 90-10 Fall Time at FPGA Pin ; Monotonic Rise at FPGA Pin ; Monotonic Fall at FPGA Pin ; Steady State Voh at Far-end ; Steady State Vol at Far-end ; Voh Max at Far-end ; Vol Min at Far-end ; Ringback Voltage on Rise at Far-end ; Ringback Voltage on Fall at Far-end ; 10-90 Rise Time at Far-end ; 90-10 Fall Time at Far-end ; Monotonic Rise at Far-end ; Monotonic Fall at Far-end ;
+---------------+--------------+---------------------+---------------------+------------------------------+------------------------------+---------------------+---------------------+--------------------------------------+--------------------------------------+-----------------------------+-----------------------------+----------------------------+----------------------------+-----------------------------+-----------------------------+--------------------+--------------------+-------------------------------------+-------------------------------------+----------------------------+----------------------------+---------------------------+---------------------------+
; ~ALTERA_DCLK~ ; 2.5 V        ; 0 s                 ; 0 s                 ; 2.32 V                       ; 1.16e-09 V                   ; 2.39 V              ; -0.0374 V           ; 0.127 V                              ; 0.051 V                              ; 4.57e-10 s                  ; 3.66e-10 s                  ; No                         ; Yes                        ; 2.32 V                      ; 1.16e-09 V                  ; 2.39 V             ; -0.0374 V          ; 0.127 V                             ; 0.051 V                             ; 4.57e-10 s                 ; 3.66e-10 s                 ; No                        ; Yes                       ;
; ~ALTERA_nCEO~ ; 2.5 V        ; 0 s                 ; 0 s                 ; 2.32 V                       ; 1.76e-09 V                   ; 2.38 V              ; -0.00636 V          ; 0.233 V                              ; 0.017 V                              ; 5.26e-10 s                  ; 7.33e-10 s                  ; No                         ; Yes                        ; 2.32 V                      ; 1.76e-09 V                  ; 2.38 V             ; -0.00636 V         ; 0.233 V                             ; 0.017 V                             ; 5.26e-10 s                 ; 7.33e-10 s                 ; No                        ; Yes                       ;
+---------------+--------------+---------------------+---------------------+------------------------------+------------------------------+---------------------+---------------------+--------------------------------------+--------------------------------------+-----------------------------+-----------------------------+----------------------------+----------------------------+-----------------------------+-----------------------------+--------------------+--------------------+-------------------------------------+-------------------------------------+----------------------------+----------------------------+---------------------------+---------------------------+


+--------------------------------------------------------------------------------------------------------------------------------------------------------------------------------------------------------------------------------------------------------------------------------------------------------------------------------------------------------------------------------------------------------------------------------------------------------------------------------------------------------------------------------------------------------------------------------------------------------------------------------------------------------------------------------------------+
; Signal Integrity Metrics (Slow 1200mv 100c Model)                                                                                                                                                                                                                                                                                                                                                                                                                                                                                                                                                                                                                                          ;
+---------------+--------------+---------------------+---------------------+------------------------------+------------------------------+---------------------+---------------------+--------------------------------------+--------------------------------------+-----------------------------+-----------------------------+----------------------------+----------------------------+-----------------------------+-----------------------------+--------------------+--------------------+-------------------------------------+-------------------------------------+----------------------------+----------------------------+---------------------------+---------------------------+
; Pin           ; I/O Standard ; Board Delay on Rise ; Board Delay on Fall ; Steady State Voh at FPGA Pin ; Steady State Vol at FPGA Pin ; Voh Max at FPGA Pin ; Vol Min at FPGA Pin ; Ringback Voltage on Rise at FPGA Pin ; Ringback Voltage on Fall at FPGA Pin ; 10-90 Rise Time at FPGA Pin ; 90-10 Fall Time at FPGA Pin ; Monotonic Rise at FPGA Pin ; Monotonic Fall at FPGA Pin ; Steady State Voh at Far-end ; Steady State Vol at Far-end ; Voh Max at Far-end ; Vol Min at Far-end ; Ringback Voltage on Rise at Far-end ; Ringback Voltage on Fall at Far-end ; 10-90 Rise Time at Far-end ; 90-10 Fall Time at Far-end ; Monotonic Rise at Far-end ; Monotonic Fall at Far-end ;
+---------------+--------------+---------------------+---------------------+------------------------------+------------------------------+---------------------+---------------------+--------------------------------------+--------------------------------------+-----------------------------+-----------------------------+----------------------------+----------------------------+-----------------------------+-----------------------------+--------------------+--------------------+-------------------------------------+-------------------------------------+----------------------------+----------------------------+---------------------------+---------------------------+
; ~ALTERA_DCLK~ ; 2.5 V        ; 0 s                 ; 0 s                 ; 2.32 V                       ; 7.67e-07 V                   ; 2.34 V              ; -0.00744 V          ; 0.095 V                              ; 0.013 V                              ; 6.35e-10 s                  ; 5.33e-10 s                  ; Yes                        ; Yes                        ; 2.32 V                      ; 7.67e-07 V                  ; 2.34 V             ; -0.00744 V         ; 0.095 V                             ; 0.013 V                             ; 6.35e-10 s                 ; 5.33e-10 s                 ; Yes                       ; Yes                       ;
; ~ALTERA_nCEO~ ; 2.5 V        ; 0 s                 ; 0 s                 ; 2.32 V                       ; 1.27e-06 V                   ; 2.34 V              ; -0.00327 V          ; 0.11 V                               ; 0.03 V                               ; 8.38e-10 s                  ; 1.07e-09 s                  ; Yes                        ; Yes                        ; 2.32 V                      ; 1.27e-06 V                  ; 2.34 V             ; -0.00327 V         ; 0.11 V                              ; 0.03 V                              ; 8.38e-10 s                 ; 1.07e-09 s                 ; Yes                       ; Yes                       ;
+---------------+--------------+---------------------+---------------------+------------------------------+------------------------------+---------------------+---------------------+--------------------------------------+--------------------------------------+-----------------------------+-----------------------------+----------------------------+----------------------------+-----------------------------+-----------------------------+--------------------+--------------------+-------------------------------------+-------------------------------------+----------------------------+----------------------------+---------------------------+---------------------------+


+--------------------------------------------------------------------------------------------------------------------------------------------------------------------------------------------------------------------------------------------------------------------------------------------------------------------------------------------------------------------------------------------------------------------------------------------------------------------------------------------------------------------------------------------------------------------------------------------------------------------------------------------------------------------------------------------+
; Signal Integrity Metrics (Fast 1200mv n40c Model)                                                                                                                                                                                                                                                                                                                                                                                                                                                                                                                                                                                                                                          ;
+---------------+--------------+---------------------+---------------------+------------------------------+------------------------------+---------------------+---------------------+--------------------------------------+--------------------------------------+-----------------------------+-----------------------------+----------------------------+----------------------------+-----------------------------+-----------------------------+--------------------+--------------------+-------------------------------------+-------------------------------------+----------------------------+----------------------------+---------------------------+---------------------------+
; Pin           ; I/O Standard ; Board Delay on Rise ; Board Delay on Fall ; Steady State Voh at FPGA Pin ; Steady State Vol at FPGA Pin ; Voh Max at FPGA Pin ; Vol Min at FPGA Pin ; Ringback Voltage on Rise at FPGA Pin ; Ringback Voltage on Fall at FPGA Pin ; 10-90 Rise Time at FPGA Pin ; 90-10 Fall Time at FPGA Pin ; Monotonic Rise at FPGA Pin ; Monotonic Fall at FPGA Pin ; Steady State Voh at Far-end ; Steady State Vol at Far-end ; Voh Max at Far-end ; Vol Min at Far-end ; Ringback Voltage on Rise at Far-end ; Ringback Voltage on Fall at Far-end ; 10-90 Rise Time at Far-end ; 90-10 Fall Time at Far-end ; Monotonic Rise at Far-end ; Monotonic Fall at Far-end ;
+---------------+--------------+---------------------+---------------------+------------------------------+------------------------------+---------------------+---------------------+--------------------------------------+--------------------------------------+-----------------------------+-----------------------------+----------------------------+----------------------------+-----------------------------+-----------------------------+--------------------+--------------------+-------------------------------------+-------------------------------------+----------------------------+----------------------------+---------------------------+---------------------------+
; ~ALTERA_DCLK~ ; 2.5 V        ; 0 s                 ; 0 s                 ; 2.62 V                       ; 2e-09 V                      ; 2.74 V              ; -0.103 V            ; 0.233 V                              ; 0.159 V                              ; 2.85e-10 s                  ; 2.77e-10 s                  ; Yes                        ; Yes                        ; 2.62 V                      ; 2e-09 V                     ; 2.74 V             ; -0.103 V           ; 0.233 V                             ; 0.159 V                             ; 2.85e-10 s                 ; 2.77e-10 s                 ; Yes                       ; Yes                       ;
; ~ALTERA_nCEO~ ; 2.5 V        ; 0 s                 ; 0 s                 ; 2.62 V                       ; 3.09e-09 V                   ; 2.72 V              ; -0.0273 V           ; 0.18 V                               ; 0.08 V                               ; 4.67e-10 s                  ; 6.1e-10 s                   ; No                         ; Yes                        ; 2.62 V                      ; 3.09e-09 V                  ; 2.72 V             ; -0.0273 V          ; 0.18 V                              ; 0.08 V                              ; 4.67e-10 s                 ; 6.1e-10 s                  ; No                        ; Yes                       ;
+---------------+--------------+---------------------+---------------------+------------------------------+------------------------------+---------------------+---------------------+--------------------------------------+--------------------------------------+-----------------------------+-----------------------------+----------------------------+----------------------------+-----------------------------+-----------------------------+--------------------+--------------------+-------------------------------------+-------------------------------------+----------------------------+----------------------------+---------------------------+---------------------------+


+-------------------------------------------------------------------+
; Setup Transfers                                                   ;
+------------+----------+----------+----------+----------+----------+
; From Clock ; To Clock ; RR Paths ; FR Paths ; RF Paths ; FF Paths ;
+------------+----------+----------+----------+----------+----------+
; clk        ; clk      ; 128431   ; 0        ; 0        ; 0        ;
+------------+----------+----------+----------+----------+----------+
Entries labeled "false path" only account for clock-to-clock false paths and not path-based false paths. As a result, actual path counts may be lower than reported.


+-------------------------------------------------------------------+
; Hold Transfers                                                    ;
+------------+----------+----------+----------+----------+----------+
; From Clock ; To Clock ; RR Paths ; FR Paths ; RF Paths ; FF Paths ;
+------------+----------+----------+----------+----------+----------+
; clk        ; clk      ; 128431   ; 0        ; 0        ; 0        ;
+------------+----------+----------+----------+----------+----------+
Entries labeled "false path" only account for clock-to-clock false paths and not path-based false paths. As a result, actual path counts may be lower than reported.


---------------
; Report TCCS ;
---------------
No dedicated SERDES Transmitter circuitry present in device or used in design


---------------
; Report RSKM ;
---------------
No non-DPA dedicated SERDES Receiver circuitry present in device or used in design


+------------------------------------------------+
; Unconstrained Paths Summary                    ;
+---------------------------------+-------+------+
; Property                        ; Setup ; Hold ;
+---------------------------------+-------+------+
; Illegal Clocks                  ; 0     ; 0    ;
; Unconstrained Clocks            ; 0     ; 0    ;
; Unconstrained Input Ports       ; 0     ; 0    ;
; Unconstrained Input Port Paths  ; 0     ; 0    ;
; Unconstrained Output Ports      ; 0     ; 0    ;
; Unconstrained Output Port Paths ; 0     ; 0    ;
+---------------------------------+-------+------+


+-------------------------------------+
; Clock Status Summary                ;
+--------+-------+------+-------------+
; Target ; Clock ; Type ; Status      ;
+--------+-------+------+-------------+
; clk_i  ; clk   ; Base ; Constrained ;
+--------+-------+------+-------------+


+--------------------------+
; Timing Analyzer Messages ;
+--------------------------+
Info: *******************************************************************
Info: Running Quartus Prime Timing Analyzer
    Info: Version 21.1.1 Build 850 06/23/2022 SJ Standard Edition
    Info: Processing started: Mon May 18 15:02:08 2026
Info: Command: quartus_sta can_mac_pcs_fce -c can_mac_pcs_fce
Info: qsta_default_script.tcl version: #1
Warning (18236): Number of processors has not been specified which may cause overloading on shared machines.  Set the global assignment NUM_PARALLEL_PROCESSORS in your QSF to an appropriate value for best performance.
Info (20030): Parallel compilation is enabled and will use 16 of the 16 processors detected
Info (21077): Low junction temperature is -40 degrees C
Info (21077): High junction temperature is 100 degrees C
Info (332104): Reading SDC File: 'can_mac_pcs_fce.sdc'
Info (332151): Clock uncertainty is not calculated until you update the timing netlist.
Info (332123): Deriving Clock Uncertainty. Please refer to report_sdc in the Timing Analyzer to see clock uncertainties.
Info: Found TIMING_ANALYZER_REPORT_SCRIPT_INCLUDE_DEFAULT_ANALYSIS = ON
Info: Analyzing Slow 1200mV 100C Model
Critical Warning (332148): Timing requirements not met
    Info (11105): For recommendations on closing timing, run Report Timing Closure Recommendations in the Timing Analyzer.
Info (332146): Worst-case setup slack is -1.462
    Info (332119):     Slack       End Point TNS Clock 
    Info (332119): ========= =================== =====================
    Info (332119):    -1.462            -297.828 clk 
Info (332146): Worst-case hold slack is 0.305
    Info (332119):     Slack       End Point TNS Clock 
    Info (332119): ========= =================== =====================
    Info (332119):     0.305               0.000 clk 
Info (332140): No Recovery paths to report
Info (332140): No Removal paths to report
Info (332146): Worst-case minimum pulse width slack is 2.679
    Info (332119):     Slack       End Point TNS Clock 
    Info (332119): ========= =================== =====================
    Info (332119):     2.679               0.000 clk 
Info: Analyzing Slow 1200mV -40C Model
Info (334003): Started post-fitting delay annotation
Info (334004): Delay annotation completed successfully
Info (332123): Deriving Clock Uncertainty. Please refer to report_sdc in the Timing Analyzer to see clock uncertainties.
Critical Warning (332148): Timing requirements not met
    Info (11105): For recommendations on closing timing, run Report Timing Closure Recommendations in the Timing Analyzer.
Info (332146): Worst-case setup slack is -0.597
    Info (332119):     Slack       End Point TNS Clock 
    Info (332119): ========= =================== =====================
    Info (332119):    -0.597              -8.668 clk 
Info (332146): Worst-case hold slack is 0.328
    Info (332119):     Slack       End Point TNS Clock 
    Info (332119): ========= =================== =====================
    Info (332119):     0.328               0.000 clk 
Info (332140): No Recovery paths to report
Info (332140): No Removal paths to report
Info (332146): Worst-case minimum pulse width slack is 2.621
    Info (332119):     Slack       End Point TNS Clock 
    Info (332119): ========= =================== =====================
    Info (332119):     2.621               0.000 clk 
Info: Analyzing Fast 1200mV -40C Model
Info (332123): Deriving Clock Uncertainty. Please refer to report_sdc in the Timing Analyzer to see clock uncertainties.
Info (332146): Worst-case setup slack is 1.960
    Info (332119):     Slack       End Point TNS Clock 
    Info (332119): ========= =================== =====================
    Info (332119):     1.960               0.000 clk 
Info (332146): Worst-case hold slack is 0.171
    Info (332119):     Slack       End Point TNS Clock 
    Info (332119): ========= =================== =====================
    Info (332119):     0.171               0.000 clk 
Info (332140): No Recovery paths to report
Info (332140): No Removal paths to report
Info (332146): Worst-case minimum pulse width slack is 2.740
    Info (332119):     Slack       End Point TNS Clock 
    Info (332119): ========= =================== =====================
    Info (332119):     2.740               0.000 clk 
Info (332101): Design is fully constrained for setup requirements
Info (332101): Design is fully constrained for hold requirements
Info: Quartus Prime Timing Analyzer was successful. 0 errors, 3 warnings
    Info: Peak virtual memory: 5019 megabytes
    Info: Processing ended: Mon May 18 15:02:12 2026
    Info: Elapsed time: 00:00:04
    Info: Total CPU time (on all processors): 00:00:04


