Fitter report for can_mac_pcs_fce
Mon May 18 15:02:03 2026
Quartus Prime Version 21.1.1 Build 850 06/23/2022 SJ Standard Edition


---------------------
; Table of Contents ;
---------------------
  1. Legal Notice
  2. Fitter Summary
  3. Fitter Settings
  4. Parallel Compilation
  5. Incremental Compilation Preservation Summary
  6. Incremental Compilation Partition Settings
  7. Incremental Compilation Placement Preservation
  8. Pin-Out File
  9. Fitter Resource Usage Summary
 10. Fitter Partition Statistics
 11. Dual Purpose and Dedicated Pins
 12. I/O Bank Usage
 13. All Package Pins
 14. Fitter Resource Utilization by Entity
 15. Control Signals
 16. Global & Other Fast Signals
 17. Non-Global High Fan-Out Signals
 18. Routing Usage Summary
 19. LAB Logic Elements
 20. LAB-wide Signals
 21. LAB Signals Sourced
 22. LAB Signals Sourced Out
 23. LAB Distinct Inputs
 24. Fitter Device Options
 25. Operating Settings and Conditions
 26. Estimated Delay Added for Hold Timing Summary
 27. Estimated Delay Added for Hold Timing Details
 28. Fitter Messages
 29. Fitter Suppressed Messages



----------------
; Legal Notice ;
----------------
Copyright (C) 2022  Intel Corporation. All rights reserved.
Your use of Intel Corporation's design tools, logic functions 
and other software and tools, and any partner logic 
functions, and any output files from any of the foregoing 
(including device programming or simulation files), and any 
associated documentation or information are expressly subject 
to the terms and conditions of the Intel Program License 
Subscription Agreement, the Intel Quartus Prime License Agreement,
the Intel FPGA IP License Agreement, or other applicable license
agreement, including, without limitation, that your use is for
the sole purpose of programming logic devices manufactured by
Intel and sold by Intel or its authorized distributors.  Please
refer to the applicable agreement for further details, at
https://fpgasoftware.intel.com/eula.



+--------------------------------------------------------------------------------------+
; Fitter Summary                                                                       ;
+------------------------------------+-------------------------------------------------+
; Fitter Status                      ; Successful - Mon May 18 15:02:03 2026           ;
; Quartus Prime Version              ; 21.1.1 Build 850 06/23/2022 SJ Standard Edition ;
; Revision Name                      ; can_mac_pcs_fce                                 ;
; Top-level Entity Name              ; can_mac_pcs_fce_top                             ;
; Family                             ; Cyclone 10 LP                                   ;
; Device                             ; 10CL016YU256I7G                                 ;
; Timing Models                      ; Final                                           ;
; Total logic elements               ; 4,608 / 15,408 ( 30 % )                         ;
;     Total combinational functions  ; 4,600 / 15,408 ( 30 % )                         ;
;     Dedicated logic registers      ; 869 / 15,408 ( 6 % )                            ;
; Total registers                    ; 869                                             ;
; Total pins                         ; 0 / 163 ( 0 % )                                 ;
; Total virtual pins                 ; 33                                              ;
; Total memory bits                  ; 0 / 516,096 ( 0 % )                             ;
; Embedded Multiplier 9-bit elements ; 0 / 112 ( 0 % )                                 ;
; Total PLLs                         ; 0 / 4 ( 0 % )                                   ;
+------------------------------------+-------------------------------------------------+


+----------------------------------------------------------------------------------------------------------------------------------------------------+
; Fitter Settings                                                                                                                                    ;
+--------------------------------------------------------------------+---------------------------------------+---------------------------------------+
; Option                                                             ; Setting                               ; Default Value                         ;
+--------------------------------------------------------------------+---------------------------------------+---------------------------------------+
; Device                                                             ; 10CL016YU256I7G                       ;                                       ;
; Minimum Core Junction Temperature                                  ; -40                                   ;                                       ;
; Maximum Core Junction Temperature                                  ; 100                                   ;                                       ;
; Fit Attempts to Skip                                               ; 0                                     ; 0.0                                   ;
; Use smart compilation                                              ; Off                                   ; Off                                   ;
; Enable parallel Assembler and Timing Analyzer during compilation   ; On                                    ; On                                    ;
; Enable compact report table                                        ; Off                                   ; Off                                   ;
; Auto Merge PLLs                                                    ; On                                    ; On                                    ;
; Router Timing Optimization Level                                   ; Normal                                ; Normal                                ;
; Perform Clocking Topology Analysis During Routing                  ; Off                                   ; Off                                   ;
; Placement Effort Multiplier                                        ; 1.0                                   ; 1.0                                   ;
; Router Effort Multiplier                                           ; 1.0                                   ; 1.0                                   ;
; Optimize Hold Timing                                               ; All Paths                             ; All Paths                             ;
; Optimize Multi-Corner Timing                                       ; On                                    ; On                                    ;
; Power Optimization During Fitting                                  ; Normal compilation                    ; Normal compilation                    ;
; SSN Optimization                                                   ; Off                                   ; Off                                   ;
; Optimize Timing                                                    ; Normal compilation                    ; Normal compilation                    ;
; Optimize Timing for ECOs                                           ; Off                                   ; Off                                   ;
; Regenerate Full Fit Report During ECO Compiles                     ; Off                                   ; Off                                   ;
; Optimize IOC Register Placement for Timing                         ; Normal                                ; Normal                                ;
; Limit to One Fitting Attempt                                       ; Off                                   ; Off                                   ;
; Final Placement Optimizations                                      ; Automatically                         ; Automatically                         ;
; Fitter Aggressive Routability Optimizations                        ; Automatically                         ; Automatically                         ;
; Fitter Initial Placement Seed                                      ; 1                                     ; 1                                     ;
; Periphery to Core Placement and Routing Optimization               ; Off                                   ; Off                                   ;
; PCI I/O                                                            ; Off                                   ; Off                                   ;
; Weak Pull-Up Resistor                                              ; Off                                   ; Off                                   ;
; Enable Bus-Hold Circuitry                                          ; Off                                   ; Off                                   ;
; Auto Packed Registers                                              ; Auto                                  ; Auto                                  ;
; Auto Delay Chains                                                  ; On                                    ; On                                    ;
; Auto Delay Chains for High Fanout Input Pins                       ; Off                                   ; Off                                   ;
; Allow Single-ended Buffer for Differential-XSTL Input              ; Off                                   ; Off                                   ;
; Treat Bidirectional Pin as Output Pin                              ; Off                                   ; Off                                   ;
; Perform Physical Synthesis for Combinational Logic for Fitting     ; Off                                   ; Off                                   ;
; Perform Physical Synthesis for Combinational Logic for Performance ; Off                                   ; Off                                   ;
; Perform Register Duplication for Performance                       ; Off                                   ; Off                                   ;
; Perform Logic to Memory Mapping for Fitting                        ; Off                                   ; Off                                   ;
; Perform Register Retiming for Performance                          ; Off                                   ; Off                                   ;
; Perform Asynchronous Signal Pipelining                             ; Off                                   ; Off                                   ;
; Fitter Effort                                                      ; Auto Fit                              ; Auto Fit                              ;
; Physical Synthesis Effort Level                                    ; Normal                                ; Normal                                ;
; Logic Cell Insertion - Logic Duplication                           ; Auto                                  ; Auto                                  ;
; Auto Register Duplication                                          ; Auto                                  ; Auto                                  ;
; Auto Global Clock                                                  ; On                                    ; On                                    ;
; Auto Global Register Control Signals                               ; On                                    ; On                                    ;
; Reserve all unused pins                                            ; As input tri-stated with weak pull-up ; As input tri-stated with weak pull-up ;
; Synchronizer Identification                                        ; Auto                                  ; Auto                                  ;
; Enable Beneficial Skew Optimization                                ; On                                    ; On                                    ;
; Optimize Design for Metastability                                  ; On                                    ; On                                    ;
; Force Fitter to Avoid Periphery Placement Warnings                 ; Off                                   ; Off                                   ;
; Enable input tri-state on active configuration pins in user mode   ; Off                                   ; Off                                   ;
+--------------------------------------------------------------------+---------------------------------------+---------------------------------------+


+------------------------------------------+
; Parallel Compilation                     ;
+----------------------------+-------------+
; Processors                 ; Number      ;
+----------------------------+-------------+
; Number detected on machine ; 16          ;
; Maximum allowed            ; 16          ;
;                            ;             ;
; Average used               ; 1.67        ;
; Maximum used               ; 16          ;
;                            ;             ;
; Usage by Processor         ; % Time Used ;
;     Processor 1            ; 100.0%      ;
;     Processor 2            ;   5.2%      ;
;     Processor 3            ;   5.0%      ;
;     Processor 4            ;   4.9%      ;
;     Processor 5            ;   4.8%      ;
;     Processor 6            ;   4.7%      ;
;     Processor 7            ;   4.7%      ;
;     Processor 8            ;   4.6%      ;
;     Processors 9-16        ;   4.1%      ;
+----------------------------+-------------+


+---------------------------------------------------------------------------------------------------+
; Incremental Compilation Preservation Summary                                                      ;
+---------------------+---------------------+----------------------------+--------------------------+
; Type                ; Total [A + B]       ; From Design Partitions [A] ; From Rapid Recompile [B] ;
+---------------------+---------------------+----------------------------+--------------------------+
; Placement (by node) ;                     ;                            ;                          ;
;     -- Requested    ; 0.00 % ( 0 / 5513 ) ; 0.00 % ( 0 / 5513 )        ; 0.00 % ( 0 / 5513 )      ;
;     -- Achieved     ; 0.00 % ( 0 / 5513 ) ; 0.00 % ( 0 / 5513 )        ; 0.00 % ( 0 / 5513 )      ;
;                     ;                     ;                            ;                          ;
; Routing (by net)    ;                     ;                            ;                          ;
;     -- Requested    ; 0.00 % ( 0 / 0 )    ; 0.00 % ( 0 / 0 )           ; 0.00 % ( 0 / 0 )         ;
;     -- Achieved     ; 0.00 % ( 0 / 0 )    ; 0.00 % ( 0 / 0 )           ; 0.00 % ( 0 / 0 )         ;
+---------------------+---------------------+----------------------------+--------------------------+


+----------------------------------------------------------------------------------------------------------------------------------------------------------------------------------------+
; Incremental Compilation Partition Settings                                                                                                                                             ;
+--------------------------------+----------------+-------------------+-------------------------+------------------------+------------------------------+--------------------------------+
; Partition Name                 ; Partition Type ; Netlist Type Used ; Preservation Level Used ; Netlist Type Requested ; Preservation Level Requested ; Contents                       ;
+--------------------------------+----------------+-------------------+-------------------------+------------------------+------------------------------+--------------------------------+
; Top                            ; User-created   ; Source File       ; N/A                     ; Source File            ; N/A                          ;                                ;
; hard_block:auto_generated_inst ; Auto-generated ; Source File       ; N/A                     ; Source File            ; N/A                          ; hard_block:auto_generated_inst ;
+--------------------------------+----------------+-------------------+-------------------------+------------------------+------------------------------+--------------------------------+


+------------------------------------------------------------------------------------------------------------------------------------+
; Incremental Compilation Placement Preservation                                                                                     ;
+--------------------------------+-----------------------+-------------------------+-------------------+---------------------+-------+
; Partition Name                 ; Preservation Achieved ; Preservation Level Used ; Netlist Type Used ; Preservation Method ; Notes ;
+--------------------------------+-----------------------+-------------------------+-------------------+---------------------+-------+
; Top                            ; 0.00 % ( 0 / 5503 )   ; N/A                     ; Source File       ; N/A                 ;       ;
; hard_block:auto_generated_inst ; 0.00 % ( 0 / 10 )     ; N/A                     ; Source File       ; N/A                 ;       ;
+--------------------------------+-----------------------+-------------------------+-------------------+---------------------+-------+


+--------------+
; Pin-Out File ;
+--------------+
The pin-out file can be found in C:/git_folder/triton_func/modules/ip_lib/can_bus_controller_fd/devel/syn/output_files/can_mac_pcs_fce.pin.


+-----------------------------------------------------------------------+
; Fitter Resource Usage Summary                                         ;
+---------------------------------------------+-------------------------+
; Resource                                    ; Usage                   ;
+---------------------------------------------+-------------------------+
; Total logic elements                        ; 4,608 / 15,408 ( 30 % ) ;
;     -- Combinational with no register       ; 3739                    ;
;     -- Register only                        ; 8                       ;
;     -- Combinational with a register        ; 861                     ;
;                                             ;                         ;
; Logic element usage by number of LUT inputs ;                         ;
;     -- 4 input functions                    ; 3528                    ;
;     -- 3 input functions                    ; 798                     ;
;     -- <=2 input functions                  ; 274                     ;
;     -- Register only                        ; 8                       ;
;                                             ;                         ;
; Logic elements by mode                      ;                         ;
;     -- normal mode                          ; 4466                    ;
;     -- arithmetic mode                      ; 134                     ;
;                                             ;                         ;
; Total registers*                            ; 869 / 16,148 ( 5 % )    ;
;     -- Dedicated logic registers            ; 869 / 15,408 ( 6 % )    ;
;     -- I/O registers                        ; 0 / 740 ( 0 % )         ;
;                                             ;                         ;
; Total LABs:  partially or completely used   ; 331 / 963 ( 34 % )      ;
; Virtual pins                                ; 33                      ;
; I/O pins                                    ; 0 / 163 ( 0 % )         ;
;     -- Clock pins                           ; 0 / 8 ( 0 % )           ;
;     -- Dedicated input pins                 ; 0 / 9 ( 0 % )           ;
;                                             ;                         ;
; M9Ks                                        ; 0 / 56 ( 0 % )          ;
; Total block memory bits                     ; 0 / 516,096 ( 0 % )     ;
; Total block memory implementation bits      ; 0 / 516,096 ( 0 % )     ;
; Embedded Multiplier 9-bit elements          ; 0 / 112 ( 0 % )         ;
; PLLs                                        ; 0 / 4 ( 0 % )           ;
; Global signals                              ; 1                       ;
;     -- Global clocks                        ; 1 / 20 ( 5 % )          ;
; JTAGs                                       ; 0 / 1 ( 0 % )           ;
; CRC blocks                                  ; 0 / 1 ( 0 % )           ;
; ASMI blocks                                 ; 0 / 1 ( 0 % )           ;
; Oscillator blocks                           ; 0 / 1 ( 0 % )           ;
; Impedance control blocks                    ; 0 / 4 ( 0 % )           ;
; Average interconnect usage (total/H/V)      ; 8.3% / 7.6% / 9.2%      ;
; Peak interconnect usage (total/H/V)         ; 25.8% / 23.8% / 28.8%   ;
; Maximum fan-out                             ; 1157                    ;
; Highest non-global fan-out                  ; 1157                    ;
; Total fan-out                               ; 20278                   ;
; Average fan-out                             ; 3.67                    ;
+---------------------------------------------+-------------------------+
*  Register count does not include registers inside RAM blocks or DSP blocks.



+------------------------------------------------------------------------------------------------------+
; Fitter Partition Statistics                                                                          ;
+---------------------------------------------+-----------------------+--------------------------------+
; Statistic                                   ; Top                   ; hard_block:auto_generated_inst ;
+---------------------------------------------+-----------------------+--------------------------------+
; Difficulty Clustering Region                ; Low                   ; Low                            ;
;                                             ;                       ;                                ;
; Total logic elements                        ; 4608 / 15408 ( 30 % ) ; 0 / 15408 ( 0 % )              ;
;     -- Combinational with no register       ; 3739                  ; 0                              ;
;     -- Register only                        ; 8                     ; 0                              ;
;     -- Combinational with a register        ; 861                   ; 0                              ;
;                                             ;                       ;                                ;
; Logic element usage by number of LUT inputs ;                       ;                                ;
;     -- 4 input functions                    ; 3528                  ; 0                              ;
;     -- 3 input functions                    ; 798                   ; 0                              ;
;     -- <=2 input functions                  ; 274                   ; 0                              ;
;     -- Register only                        ; 8                     ; 0                              ;
;                                             ;                       ;                                ;
; Logic elements by mode                      ;                       ;                                ;
;     -- normal mode                          ; 4466                  ; 0                              ;
;     -- arithmetic mode                      ; 134                   ; 0                              ;
;                                             ;                       ;                                ;
; Total registers                             ; 869                   ; 0                              ;
;     -- Dedicated logic registers            ; 869 / 15408 ( 6 % )   ; 0 / 15408 ( 0 % )              ;
;     -- I/O registers                        ; 0                     ; 0                              ;
;                                             ;                       ;                                ;
; Total LABs:  partially or completely used   ; 319 / 963 ( 33 % )    ; 0 / 963 ( 0 % )                ;
;                                             ;                       ;                                ;
; Virtual pins                                ; 33                    ; 0                              ;
; I/O pins                                    ; 0                     ; 0                              ;
; Embedded Multiplier 9-bit elements          ; 0 / 112 ( 0 % )       ; 0 / 112 ( 0 % )                ;
; Total memory bits                           ; 0                     ; 0                              ;
; Total RAM block bits                        ; 0                     ; 0                              ;
; Clock control block                         ; 1 / 24 ( 4 % )        ; 0 / 24 ( 0 % )                 ;
;                                             ;                       ;                                ;
; Connections                                 ;                       ;                                ;
;     -- Input Connections                    ; 0                     ; 0                              ;
;     -- Registered Input Connections         ; 0                     ; 0                              ;
;     -- Output Connections                   ; 0                     ; 0                              ;
;     -- Registered Output Connections        ; 0                     ; 0                              ;
;                                             ;                       ;                                ;
; Internal Connections                        ;                       ;                                ;
;     -- Total Connections                    ; 20273                 ; 5                              ;
;     -- Registered Connections               ; 6883                  ; 0                              ;
;                                             ;                       ;                                ;
; External Connections                        ;                       ;                                ;
;     -- Top                                  ; 0                     ; 0                              ;
;     -- hard_block:auto_generated_inst       ; 0                     ; 0                              ;
;                                             ;                       ;                                ;
; Partition Interface                         ;                       ;                                ;
;     -- Input Ports                          ; 16                    ; 0                              ;
;     -- Output Ports                         ; 17                    ; 0                              ;
;     -- Bidir Ports                          ; 0                     ; 0                              ;
;                                             ;                       ;                                ;
; Registered Ports                            ;                       ;                                ;
;     -- Registered Input Ports               ; 0                     ; 0                              ;
;     -- Registered Output Ports              ; 0                     ; 0                              ;
;                                             ;                       ;                                ;
; Port Connectivity                           ;                       ;                                ;
;     -- Input Ports driven by GND            ; 0                     ; 0                              ;
;     -- Output Ports driven by GND           ; 0                     ; 0                              ;
;     -- Input Ports driven by VCC            ; 0                     ; 0                              ;
;     -- Output Ports driven by VCC           ; 0                     ; 0                              ;
;     -- Input Ports with no Source           ; 0                     ; 0                              ;
;     -- Output Ports with no Source          ; 0                     ; 0                              ;
;     -- Input Ports with no Fanout           ; 0                     ; 0                              ;
;     -- Output Ports with no Fanout          ; 0                     ; 0                              ;
+---------------------------------------------+-----------------------+--------------------------------+


+-------------------------------------------------------------------------------------------------------------------------+
; Dual Purpose and Dedicated Pins                                                                                         ;
+----------+-----------------------------+--------------------------+-------------------------+---------------------------+
; Location ; Pin Name                    ; Reserved As              ; User Signal Name        ; Pin Type                  ;
+----------+-----------------------------+--------------------------+-------------------------+---------------------------+
; C1       ; DIFFIO_L4n, DATA1, ASDO     ; As input tri-stated      ; ~ALTERA_ASDO_DATA1~     ; Dual Purpose Pin          ;
; D2       ; DIFFIO_L6p, FLASH_nCE, nCSO ; As input tri-stated      ; ~ALTERA_FLASH_nCE_nCSO~ ; Dual Purpose Pin          ;
; F4       ; nSTATUS                     ; -                        ; -                       ; Dedicated Programming Pin ;
; H1       ; DCLK                        ; As output driving ground ; ~ALTERA_DCLK~           ; Dual Purpose Pin          ;
; H2       ; DATA0                       ; As input tri-stated      ; ~ALTERA_DATA0~          ; Dual Purpose Pin          ;
; H5       ; nCONFIG                     ; -                        ; -                       ; Dedicated Programming Pin ;
; J3       ; nCE                         ; -                        ; -                       ; Dedicated Programming Pin ;
; H14      ; CONF_DONE                   ; -                        ; -                       ; Dedicated Programming Pin ;
; H13      ; MSEL0                       ; -                        ; -                       ; Dedicated Programming Pin ;
; H12      ; MSEL1                       ; -                        ; -                       ; Dedicated Programming Pin ;
; G12      ; MSEL2                       ; -                        ; -                       ; Dedicated Programming Pin ;
; G12      ; MSEL3                       ; -                        ; -                       ; Dedicated Programming Pin ;
; F16      ; DIFFIO_R16n, nCEO           ; Use as programming pin   ; ~ALTERA_nCEO~           ; Dual Purpose Pin          ;
+----------+-----------------------------+--------------------------+-------------------------+---------------------------+


+-----------------------------------------------------------+
; I/O Bank Usage                                            ;
+----------+-----------------+---------------+--------------+
; I/O Bank ; Usage           ; VCCIO Voltage ; VREF Voltage ;
+----------+-----------------+---------------+--------------+
; 1        ; 4 / 12 ( 33 % ) ; 2.5V          ; --           ;
; 2        ; 0 / 18 ( 0 % )  ; 2.5V          ; --           ;
; 3        ; 0 / 25 ( 0 % )  ; 2.5V          ; --           ;
; 4        ; 0 / 27 ( 0 % )  ; 2.5V          ; --           ;
; 5        ; 0 / 20 ( 0 % )  ; 2.5V          ; --           ;
; 6        ; 1 / 14 ( 7 % )  ; 2.5V          ; --           ;
; 7        ; 0 / 24 ( 0 % )  ; 2.5V          ; --           ;
; 8        ; 0 / 23 ( 0 % )  ; 2.5V          ; --           ;
+----------+-----------------+---------------+--------------+


+-----------------------------------------------------------------------------------------------------------------------------------------------------------------------------------------+
; All Package Pins                                                                                                                                                                        ;
+----------+------------+----------+-----------------------------------------------------------+--------+--------------+---------+------------+-----------------+----------+--------------+
; Location ; Pad Number ; I/O Bank ; Pin Name/Usage                                            ; Dir.   ; I/O Standard ; Voltage ; I/O Type   ; User Assignment ; Bus Hold ; Weak Pull Up ;
+----------+------------+----------+-----------------------------------------------------------+--------+--------------+---------+------------+-----------------+----------+--------------+
; A1       ;            ; 8        ; VCCIO8                                                    ; power  ;              ; 2.5V    ; --         ;                 ; --       ; --           ;
; A2       ; 356        ; 8        ; RESERVED_INPUT_WITH_WEAK_PULLUP                           ;        ;              ;         ; Column I/O ;                 ; --       ; --           ;
; A3       ; 358        ; 8        ; RESERVED_INPUT_WITH_WEAK_PULLUP                           ;        ;              ;         ; Column I/O ;                 ; no       ; On           ;
; A4       ; 354        ; 8        ; RESERVED_INPUT_WITH_WEAK_PULLUP                           ;        ;              ;         ; Column I/O ;                 ; no       ; On           ;
; A5       ; 349        ; 8        ; RESERVED_INPUT_WITH_WEAK_PULLUP                           ;        ;              ;         ; Column I/O ;                 ; no       ; On           ;
; A6       ; 339        ; 8        ; RESERVED_INPUT_WITH_WEAK_PULLUP                           ;        ;              ;         ; Column I/O ;                 ; no       ; On           ;
; A7       ; 334        ; 8        ; RESERVED_INPUT_WITH_WEAK_PULLUP                           ;        ;              ;         ; Column I/O ;                 ; no       ; On           ;
; A8       ; 321        ; 8        ; GND+                                                      ;        ;              ;         ; Column I/O ;                 ; --       ; --           ;
; A9       ; 319        ; 7        ; GND+                                                      ;        ;              ;         ; Column I/O ;                 ; --       ; --           ;
; A10      ; 307        ; 7        ; RESERVED_INPUT_WITH_WEAK_PULLUP                           ;        ;              ;         ; Column I/O ;                 ; no       ; On           ;
; A11      ; 296        ; 7        ; RESERVED_INPUT_WITH_WEAK_PULLUP                           ;        ;              ;         ; Column I/O ;                 ; no       ; On           ;
; A12      ; 292        ; 7        ; RESERVED_INPUT_WITH_WEAK_PULLUP                           ;        ;              ;         ; Column I/O ;                 ; no       ; On           ;
; A13      ; 300        ; 7        ; RESERVED_INPUT_WITH_WEAK_PULLUP                           ;        ;              ;         ; Column I/O ;                 ; --       ; --           ;
; A14      ; 284        ; 7        ; RESERVED_INPUT_WITH_WEAK_PULLUP                           ;        ;              ;         ; Column I/O ;                 ; no       ; On           ;
; A15      ; 301        ; 7        ; RESERVED_INPUT_WITH_WEAK_PULLUP                           ;        ;              ;         ; Column I/O ;                 ; no       ; On           ;
; A16      ;            ; 7        ; VCCIO7                                                    ; power  ;              ; 2.5V    ; --         ;                 ; --       ; --           ;
; B1       ; 6          ; 1        ; RESERVED_INPUT_WITH_WEAK_PULLUP                           ;        ;              ;         ; Row I/O    ;                 ; no       ; On           ;
; B2       ;            ;          ; GND                                                       ; gnd    ;              ;         ; --         ;                 ; --       ; --           ;
; B3       ; 359        ; 8        ; RESERVED_INPUT_WITH_WEAK_PULLUP                           ;        ;              ;         ; Column I/O ;                 ; no       ; On           ;
; B4       ; 355        ; 8        ; RESERVED_INPUT_WITH_WEAK_PULLUP                           ;        ;              ;         ; Column I/O ;                 ; no       ; On           ;
; B5       ; 351        ; 8        ; RESERVED_INPUT_WITH_WEAK_PULLUP                           ;        ;              ;         ; Column I/O ;                 ; no       ; On           ;
; B6       ; 340        ; 8        ; RESERVED_INPUT_WITH_WEAK_PULLUP                           ;        ;              ;         ; Column I/O ;                 ; no       ; On           ;
; B7       ; 335        ; 8        ; RESERVED_INPUT_WITH_WEAK_PULLUP                           ;        ;              ;         ; Column I/O ;                 ; no       ; On           ;
; B8       ; 322        ; 8        ; GND+                                                      ;        ;              ;         ; Column I/O ;                 ; --       ; --           ;
; B9       ; 320        ; 7        ; GND+                                                      ;        ;              ;         ; Column I/O ;                 ; --       ; --           ;
; B10      ; 308        ; 7        ; RESERVED_INPUT_WITH_WEAK_PULLUP                           ;        ;              ;         ; Column I/O ;                 ; no       ; On           ;
; B11      ; 297        ; 7        ; RESERVED_INPUT_WITH_WEAK_PULLUP                           ;        ;              ;         ; Column I/O ;                 ; no       ; On           ;
; B12      ; 293        ; 7        ; RESERVED_INPUT_WITH_WEAK_PULLUP                           ;        ;              ;         ; Column I/O ;                 ; no       ; On           ;
; B13      ; 282        ; 7        ; RESERVED_INPUT_WITH_WEAK_PULLUP                           ;        ;              ;         ; Column I/O ;                 ; no       ; On           ;
; B14      ; 285        ; 7        ; RESERVED_INPUT_WITH_WEAK_PULLUP                           ;        ;              ;         ; Column I/O ;                 ; no       ; On           ;
; B15      ;            ;          ; GND                                                       ; gnd    ;              ;         ; --         ;                 ; --       ; --           ;
; B16      ; 241        ; 6        ; RESERVED_INPUT_WITH_WEAK_PULLUP                           ;        ;              ;         ; Row I/O    ;                 ; no       ; On           ;
; C1       ; 9          ; 1        ; ~ALTERA_ASDO_DATA1~ / RESERVED_INPUT_WITH_WEAK_PULLUP     ; input  ; 2.5 V        ;         ; Row I/O    ; N               ; no       ; On           ;
; C2       ; 8          ; 1        ; RESERVED_INPUT_WITH_WEAK_PULLUP                           ;        ;              ;         ; Row I/O    ;                 ; no       ; On           ;
; C3       ; 362        ; 8        ; RESERVED_INPUT_WITH_WEAK_PULLUP                           ;        ;              ;         ; Column I/O ;                 ; no       ; On           ;
; C4       ;            ; 8        ; VCCIO8                                                    ; power  ;              ; 2.5V    ; --         ;                 ; --       ; --           ;
; C5       ;            ;          ; GND                                                       ; gnd    ;              ;         ; --         ;                 ; --       ; --           ;
; C6       ; 338        ; 8        ; RESERVED_INPUT_WITH_WEAK_PULLUP                           ;        ;              ;         ; Column I/O ;                 ; --       ; --           ;
; C7       ;            ; 8        ; VCCIO8                                                    ; power  ;              ; 2.5V    ; --         ;                 ; --       ; --           ;
; C8       ; 329        ; 8        ; RESERVED_INPUT_WITH_WEAK_PULLUP                           ;        ;              ;         ; Column I/O ;                 ; no       ; On           ;
; C9       ; 309        ; 7        ; RESERVED_INPUT_WITH_WEAK_PULLUP                           ;        ;              ;         ; Column I/O ;                 ; no       ; On           ;
; C10      ;            ; 7        ; VCCIO7                                                    ; power  ;              ; 2.5V    ; --         ;                 ; --       ; --           ;
; C11      ; 281        ; 7        ; RESERVED_INPUT_WITH_WEAK_PULLUP                           ;        ;              ;         ; Column I/O ;                 ; --       ; --           ;
; C12      ;            ;          ; GND                                                       ; gnd    ;              ;         ; --         ;                 ; --       ; --           ;
; C13      ;            ; 7        ; VCCIO7                                                    ; power  ;              ; 2.5V    ; --         ;                 ; --       ; --           ;
; C14      ; 274        ; 7        ; RESERVED_INPUT_WITH_WEAK_PULLUP                           ;        ;              ;         ; Column I/O ;                 ; no       ; On           ;
; C15      ; 271        ; 6        ; RESERVED_INPUT_WITH_WEAK_PULLUP                           ;        ;              ;         ; Row I/O    ;                 ; no       ; On           ;
; C16      ; 270        ; 6        ; RESERVED_INPUT_WITH_WEAK_PULLUP                           ;        ;              ;         ; Row I/O    ;                 ; no       ; On           ;
; D1       ; 14         ; 1        ; RESERVED_INPUT_WITH_WEAK_PULLUP                           ;        ;              ;         ; Row I/O    ;                 ; no       ; On           ;
; D2       ; 13         ; 1        ; ~ALTERA_FLASH_nCE_nCSO~ / RESERVED_INPUT_WITH_WEAK_PULLUP ; input  ; 2.5 V        ;         ; Row I/O    ; N               ; no       ; On           ;
; D3       ; 363        ; 8        ; RESERVED_INPUT_WITH_WEAK_PULLUP                           ;        ;              ;         ; Column I/O ;                 ; no       ; On           ;
; D4       ;            ;          ; VCCD_PLL3                                                 ; power  ;              ; 1.2V    ; --         ;                 ; --       ; --           ;
; D5       ;            ;          ; GND                                                       ; gnd    ;              ;         ; --         ;                 ; --       ; --           ;
; D6       ; 352        ; 8        ; RESERVED_INPUT_WITH_WEAK_PULLUP                           ;        ;              ;         ; Column I/O ;                 ; no       ; On           ;
; D7       ;            ;          ; GND                                                       ; gnd    ;              ;         ; --         ;                 ; --       ; --           ;
; D8       ; 330        ; 8        ; RESERVED_INPUT_WITH_WEAK_PULLUP                           ;        ;              ;         ; Column I/O ;                 ; no       ; On           ;
; D9       ; 310        ; 7        ; RESERVED_INPUT_WITH_WEAK_PULLUP                           ;        ;              ;         ; Column I/O ;                 ; no       ; On           ;
; D10      ;            ;          ; GND                                                       ; gnd    ;              ;         ; --         ;                 ; --       ; --           ;
; D11      ; 278        ; 7        ; RESERVED_INPUT_WITH_WEAK_PULLUP                           ;        ;              ;         ; Column I/O ;                 ; no       ; On           ;
; D12      ; 279        ; 7        ; RESERVED_INPUT_WITH_WEAK_PULLUP                           ;        ;              ;         ; Column I/O ;                 ; no       ; On           ;
; D13      ;            ;          ; VCCD_PLL2                                                 ; power  ;              ; 1.2V    ; --         ;                 ; --       ; --           ;
; D14      ; 275        ; 7        ; RESERVED_INPUT_WITH_WEAK_PULLUP                           ;        ;              ;         ; Column I/O ;                 ; no       ; On           ;
; D15      ; 261        ; 6        ; RESERVED_INPUT_WITH_WEAK_PULLUP                           ;        ;              ;         ; Row I/O    ;                 ; no       ; On           ;
; D16      ; 260        ; 6        ; RESERVED_INPUT_WITH_WEAK_PULLUP                           ;        ;              ;         ; Row I/O    ;                 ; no       ; On           ;
; E1       ; 39         ; 1        ; GND+                                                      ;        ;              ;         ; Row I/O    ;                 ; --       ; --           ;
; E2       ; 38         ; 1        ; GND+                                                      ;        ;              ;         ; Row I/O    ;                 ; --       ; --           ;
; E3       ;            ; 1        ; VCCIO1                                                    ; power  ;              ; 2.5V    ; --         ;                 ; --       ; --           ;
; E4       ;            ;          ; GND                                                       ; gnd    ;              ;         ; --         ;                 ; --       ; --           ;
; E5       ;            ;          ; GNDA3                                                     ; gnd    ;              ;         ; --         ;                 ; --       ; --           ;
; E6       ; 348        ; 8        ; RESERVED_INPUT_WITH_WEAK_PULLUP                           ;        ;              ;         ; Column I/O ;                 ; no       ; On           ;
; E7       ; 345        ; 8        ; RESERVED_INPUT_WITH_WEAK_PULLUP                           ;        ;              ;         ; Column I/O ;                 ; no       ; On           ;
; E8       ; 332        ; 8        ; RESERVED_INPUT_WITH_WEAK_PULLUP                           ;        ;              ;         ; Column I/O ;                 ; no       ; On           ;
; E9       ; 315        ; 7        ; RESERVED_INPUT_WITH_WEAK_PULLUP                           ;        ;              ;         ; Column I/O ;                 ; no       ; On           ;
; E10      ; 290        ; 7        ; RESERVED_INPUT_WITH_WEAK_PULLUP                           ;        ;              ;         ; Column I/O ;                 ; no       ; On           ;
; E11      ; 289        ; 7        ; RESERVED_INPUT_WITH_WEAK_PULLUP                           ;        ;              ;         ; Column I/O ;                 ; no       ; On           ;
; E12      ;            ;          ; GNDA2                                                     ; gnd    ;              ;         ; --         ;                 ; --       ; --           ;
; E13      ;            ;          ; GND                                                       ; gnd    ;              ;         ; --         ;                 ; --       ; --           ;
; E14      ;            ; 6        ; VCCIO6                                                    ; power  ;              ; 2.5V    ; --         ;                 ; --       ; --           ;
; E15      ; 226        ; 6        ; GND+                                                      ;        ;              ;         ; Row I/O    ;                 ; --       ; --           ;
; E16      ; 225        ; 6        ; GND+                                                      ;        ;              ;         ; Row I/O    ;                 ; --       ; --           ;
; F1       ;            ;          ; GND                                                       ; gnd    ;              ;         ; --         ;                 ; --       ; --           ;
; F2       ;            ;          ; GND                                                       ; gnd    ;              ;         ; --         ;                 ; --       ; --           ;
; F3       ; 10         ; 1        ; RESERVED_INPUT_WITH_WEAK_PULLUP                           ;        ;              ;         ; Row I/O    ;                 ; --       ; --           ;
; F4       ; 19         ; 1        ; ^nSTATUS                                                  ;        ;              ;         ; --         ;                 ; --       ; --           ;
; F5       ;            ; --       ; VCCA3                                                     ; power  ;              ; 2.5V    ; --         ;                 ; --       ; --           ;
; F6       ;            ;          ; GND                                                       ; gnd    ;              ;         ; --         ;                 ; --       ; --           ;
; F7       ;            ;          ; VCCINT                                                    ; power  ;              ; 1.2V    ; --         ;                 ; --       ; --           ;
; F8       ; 333        ; 8        ; RESERVED_INPUT_WITH_WEAK_PULLUP                           ;        ;              ;         ; Column I/O ;                 ; no       ; On           ;
; F9       ; 306        ; 7        ; RESERVED_INPUT_WITH_WEAK_PULLUP                           ;        ;              ;         ; Column I/O ;                 ; no       ; On           ;
; F10      ;            ;          ; GND                                                       ; gnd    ;              ;         ; --         ;                 ; --       ; --           ;
; F11      ;            ;          ; VCCINT                                                    ; power  ;              ; 1.2V    ; --         ;                 ; --       ; --           ;
; F12      ;            ; --       ; VCCA2                                                     ; power  ;              ; 2.5V    ; --         ;                 ; --       ; --           ;
; F13      ; 237        ; 6        ; RESERVED_INPUT_WITH_WEAK_PULLUP                           ;        ;              ;         ; Row I/O    ;                 ; --       ; --           ;
; F14      ; 257        ; 6        ; RESERVED_INPUT_WITH_WEAK_PULLUP                           ;        ;              ;         ; Row I/O    ;                 ; --       ; --           ;
; F15      ; 240        ; 6        ; RESERVED_INPUT_WITH_WEAK_PULLUP                           ;        ;              ;         ; Row I/O    ;                 ; no       ; On           ;
; F16      ; 239        ; 6        ; ~ALTERA_nCEO~ / RESERVED_OUTPUT_OPEN_DRAIN                ; output ; 2.5 V        ;         ; Row I/O    ; N               ; no       ; Off          ;
; G1       ; 27         ; 1        ; RESERVED_INPUT_WITH_WEAK_PULLUP                           ;        ;              ;         ; Row I/O    ;                 ; --       ; --           ;
; G2       ; 24         ; 1        ; RESERVED_INPUT_WITH_WEAK_PULLUP                           ;        ;              ;         ; Row I/O    ;                 ; no       ; On           ;
; G3       ;            ; 1        ; VCCIO1                                                    ; power  ;              ; 2.5V    ; --         ;                 ; --       ; --           ;
; G4       ;            ;          ; GND                                                       ; gnd    ;              ;         ; --         ;                 ; --       ; --           ;
; G5       ;            ;          ; GND                                                       ; gnd    ;              ;         ; --         ;                 ; --       ; --           ;
; G6       ;            ;          ; VCCINT                                                    ; power  ;              ; 1.2V    ; --         ;                 ; --       ; --           ;
; G7       ;            ;          ; VCCINT                                                    ; power  ;              ; 1.2V    ; --         ;                 ; --       ; --           ;
; G8       ;            ;          ; VCCINT                                                    ; power  ;              ; 1.2V    ; --         ;                 ; --       ; --           ;
; G9       ;            ;          ; VCCINT                                                    ; power  ;              ; 1.2V    ; --         ;                 ; --       ; --           ;
; G10      ;            ;          ; VCCINT                                                    ; power  ;              ; 1.2V    ; --         ;                 ; --       ; --           ;
; G11      ; 269        ; 6        ; RESERVED_INPUT_WITH_WEAK_PULLUP                           ;        ;              ;         ; Row I/O    ;                 ; no       ; On           ;
; G12      ; 230        ; 6        ; ^MSEL2                                                    ;        ;              ;         ; --         ;                 ; --       ; --           ;
; G12      ; 231        ; 6        ; ^MSEL3                                                    ;        ;              ;         ; --         ;                 ; --       ; --           ;
; G13      ;            ;          ; GND                                                       ; gnd    ;              ;         ; --         ;                 ; --       ; --           ;
; G14      ;            ; 6        ; VCCIO6                                                    ; power  ;              ; 2.5V    ; --         ;                 ; --       ; --           ;
; G15      ; 235        ; 6        ; RESERVED_INPUT_WITH_WEAK_PULLUP                           ;        ;              ;         ; Row I/O    ;                 ; no       ; On           ;
; G16      ; 234        ; 6        ; RESERVED_INPUT_WITH_WEAK_PULLUP                           ;        ;              ;         ; Row I/O    ;                 ; no       ; On           ;
; H1       ; 30         ; 1        ; ~ALTERA_DCLK~                                             ; output ; 2.5 V        ;         ; Row I/O    ; N               ; no       ; On           ;
; H2       ; 31         ; 1        ; ~ALTERA_DATA0~ / RESERVED_INPUT_WITH_WEAK_PULLUP          ; input  ; 2.5 V        ;         ; Row I/O    ; N               ; no       ; On           ;
; H3       ; 34         ; 1        ; #TCK                                                      ; input  ;              ;         ; --         ;                 ; --       ; --           ;
; H4       ; 33         ; 1        ; #TDI                                                      ; input  ;              ;         ; --         ;                 ; --       ; --           ;
; H5       ; 32         ; 1        ; ^nCONFIG                                                  ;        ;              ;         ; --         ;                 ; --       ; --           ;
; H6       ;            ;          ; VCCINT                                                    ; power  ;              ; 1.2V    ; --         ;                 ; --       ; --           ;
; H7       ;            ;          ; GND                                                       ; gnd    ;              ;         ; --         ;                 ; --       ; --           ;
; H8       ;            ;          ; GND                                                       ; gnd    ;              ;         ; --         ;                 ; --       ; --           ;
; H9       ;            ;          ; GND                                                       ; gnd    ;              ;         ; --         ;                 ; --       ; --           ;
; H10      ;            ;          ; GND                                                       ; gnd    ;              ;         ; --         ;                 ; --       ; --           ;
; H11      ;            ;          ; VCCINT                                                    ; power  ;              ; 1.2V    ; --         ;                 ; --       ; --           ;
; H12      ; 229        ; 6        ; ^MSEL1                                                    ;        ;              ;         ; --         ;                 ; --       ; --           ;
; H13      ; 228        ; 6        ; ^MSEL0                                                    ;        ;              ;         ; --         ;                 ; --       ; --           ;
; H14      ; 227        ; 6        ; ^CONF_DONE                                                ;        ;              ;         ; --         ;                 ; --       ; --           ;
; H15      ;            ;          ; GND                                                       ; gnd    ;              ;         ; --         ;                 ; --       ; --           ;
; H16      ;            ;          ; GND                                                       ; gnd    ;              ;         ; --         ;                 ; --       ; --           ;
; J1       ; 45         ; 2        ; RESERVED_INPUT_WITH_WEAK_PULLUP                           ;        ;              ;         ; Row I/O    ;                 ; no       ; On           ;
; J2       ; 44         ; 2        ; RESERVED_INPUT_WITH_WEAK_PULLUP                           ;        ;              ;         ; Row I/O    ;                 ; no       ; On           ;
; J3       ; 37         ; 1        ; ^nCE                                                      ;        ;              ;         ; --         ;                 ; --       ; --           ;
; J4       ; 36         ; 1        ; #TDO                                                      ; output ;              ;         ; --         ;                 ; --       ; --           ;
; J5       ; 35         ; 1        ; #TMS                                                      ; input  ;              ;         ; --         ;                 ; --       ; --           ;
; J6       ;            ;          ; VCCINT                                                    ; power  ;              ; 1.2V    ; --         ;                 ; --       ; --           ;
; J7       ;            ;          ; GND                                                       ; gnd    ;              ;         ; --         ;                 ; --       ; --           ;
; J8       ;            ;          ; GND                                                       ; gnd    ;              ;         ; --         ;                 ; --       ; --           ;
; J9       ;            ;          ; GND                                                       ; gnd    ;              ;         ; --         ;                 ; --       ; --           ;
; J10      ;            ;          ; GND                                                       ; gnd    ;              ;         ; --         ;                 ; --       ; --           ;
; J11      ;            ;          ; GND                                                       ; gnd    ;              ;         ; --         ;                 ; --       ; --           ;
; J12      ; 221        ; 5        ; RESERVED_INPUT_WITH_WEAK_PULLUP                           ;        ;              ;         ; Row I/O    ;                 ; no       ; On           ;
; J13      ; 222        ; 5        ; RESERVED_INPUT_WITH_WEAK_PULLUP                           ;        ;              ;         ; Row I/O    ;                 ; no       ; On           ;
; J14      ; 220        ; 5        ; RESERVED_INPUT_WITH_WEAK_PULLUP                           ;        ;              ;         ; Row I/O    ;                 ; no       ; On           ;
; J15      ; 217        ; 5        ; RESERVED_INPUT_WITH_WEAK_PULLUP                           ;        ;              ;         ; Row I/O    ;                 ; no       ; On           ;
; J16      ; 216        ; 5        ; RESERVED_INPUT_WITH_WEAK_PULLUP                           ;        ;              ;         ; Row I/O    ;                 ; no       ; On           ;
; K1       ; 55         ; 2        ; RESERVED_INPUT_WITH_WEAK_PULLUP                           ;        ;              ;         ; Row I/O    ;                 ; no       ; On           ;
; K2       ; 72         ; 2        ; RESERVED_INPUT_WITH_WEAK_PULLUP                           ;        ;              ;         ; Row I/O    ;                 ; --       ; --           ;
; K3       ;            ; 2        ; VCCIO2                                                    ; power  ;              ; 2.5V    ; --         ;                 ; --       ; --           ;
; K4       ;            ;          ; GND                                                       ; gnd    ;              ;         ; --         ;                 ; --       ; --           ;
; K5       ; 77         ; 2        ; RESERVED_INPUT_WITH_WEAK_PULLUP                           ;        ;              ;         ; Row I/O    ;                 ; no       ; On           ;
; K6       ; 48         ; 2        ; RESERVED_INPUT_WITH_WEAK_PULLUP                           ;        ;              ;         ; Row I/O    ;                 ; no       ; On           ;
; K7       ;            ;          ; VCCINT                                                    ; power  ;              ; 1.2V    ; --         ;                 ; --       ; --           ;
; K8       ;            ;          ; GND                                                       ; gnd    ;              ;         ; --         ;                 ; --       ; --           ;
; K9       ; 138        ; 4        ; RESERVED_INPUT_WITH_WEAK_PULLUP                           ;        ;              ;         ; Column I/O ;                 ; no       ; On           ;
; K10      ; 150        ; 4        ; RESERVED_INPUT_WITH_WEAK_PULLUP                           ;        ;              ;         ; Column I/O ;                 ; no       ; On           ;
; K11      ;            ;          ; VCCINT                                                    ; power  ;              ; 1.2V    ; --         ;                 ; --       ; --           ;
; K12      ; 179        ; 5        ; RESERVED_INPUT_WITH_WEAK_PULLUP                           ;        ;              ;         ; Row I/O    ;                 ; no       ; On           ;
; K13      ;            ;          ; GND                                                       ; gnd    ;              ;         ; --         ;                 ; --       ; --           ;
; K14      ;            ; 5        ; VCCIO5                                                    ; power  ;              ; 2.5V    ; --         ;                 ; --       ; --           ;
; K15      ; 215        ; 5        ; RESERVED_INPUT_WITH_WEAK_PULLUP                           ;        ;              ;         ; Row I/O    ;                 ; no       ; On           ;
; K16      ; 214        ; 5        ; RESERVED_INPUT_WITH_WEAK_PULLUP                           ;        ;              ;         ; Row I/O    ;                 ; no       ; On           ;
; L1       ; 58         ; 2        ; RESERVED_INPUT_WITH_WEAK_PULLUP                           ;        ;              ;         ; Row I/O    ;                 ; no       ; On           ;
; L2       ; 57         ; 2        ; RESERVED_INPUT_WITH_WEAK_PULLUP                           ;        ;              ;         ; Row I/O    ;                 ; no       ; On           ;
; L3       ; 51         ; 2        ; RESERVED_INPUT_WITH_WEAK_PULLUP                           ;        ;              ;         ; Row I/O    ;                 ; --       ; --           ;
; L4       ; 78         ; 2        ; RESERVED_INPUT_WITH_WEAK_PULLUP                           ;        ;              ;         ; Row I/O    ;                 ; no       ; On           ;
; L5       ;            ; --       ; VCCA1                                                     ; power  ;              ; 2.5V    ; --         ;                 ; --       ; --           ;
; L6       ; 49         ; 2        ; RESERVED_INPUT_WITH_WEAK_PULLUP                           ;        ;              ;         ; Row I/O    ;                 ; no       ; On           ;
; L7       ; 125        ; 3        ; RESERVED_INPUT_WITH_WEAK_PULLUP                           ;        ;              ;         ; Column I/O ;                 ; no       ; On           ;
; L8       ; 128        ; 3        ; RESERVED_INPUT_WITH_WEAK_PULLUP                           ;        ;              ;         ; Column I/O ;                 ; no       ; On           ;
; L9       ; 139        ; 4        ; RESERVED_INPUT_WITH_WEAK_PULLUP                           ;        ;              ;         ; Column I/O ;                 ; no       ; On           ;
; L10      ; 153        ; 4        ; RESERVED_INPUT_WITH_WEAK_PULLUP                           ;        ;              ;         ; Column I/O ;                 ; no       ; On           ;
; L11      ; 173        ; 4        ; RESERVED_INPUT_WITH_WEAK_PULLUP                           ;        ;              ;         ; Column I/O ;                 ; no       ; On           ;
; L12      ;            ; --       ; VCCA4                                                     ; power  ;              ; 2.5V    ; --         ;                 ; --       ; --           ;
; L13      ; 203        ; 5        ; RESERVED_INPUT_WITH_WEAK_PULLUP                           ;        ;              ;         ; Row I/O    ;                 ; no       ; On           ;
; L14      ; 194        ; 5        ; RESERVED_INPUT_WITH_WEAK_PULLUP                           ;        ;              ;         ; Row I/O    ;                 ; --       ; --           ;
; L15      ; 208        ; 5        ; RESERVED_INPUT_WITH_WEAK_PULLUP                           ;        ;              ;         ; Row I/O    ;                 ; --       ; --           ;
; L16      ; 204        ; 5        ; RESERVED_INPUT_WITH_WEAK_PULLUP                           ;        ;              ;         ; Row I/O    ;                 ; no       ; On           ;
; M1       ; 41         ; 2        ; GND+                                                      ;        ;              ;         ; Row I/O    ;                 ; --       ; --           ;
; M2       ; 40         ; 2        ; GND+                                                      ;        ;              ;         ; Row I/O    ;                 ; --       ; --           ;
; M3       ;            ; 2        ; VCCIO2                                                    ; power  ;              ; 2.5V    ; --         ;                 ; --       ; --           ;
; M4       ;            ;          ; GND                                                       ; gnd    ;              ;         ; --         ;                 ; --       ; --           ;
; M5       ;            ;          ; GNDA1                                                     ; gnd    ;              ;         ; --         ;                 ; --       ; --           ;
; M6       ; 106        ; 3        ; RESERVED_INPUT_WITH_WEAK_PULLUP                           ;        ;              ;         ; Column I/O ;                 ; no       ; On           ;
; M7       ; 120        ; 3        ; RESERVED_INPUT_WITH_WEAK_PULLUP                           ;        ;              ;         ; Column I/O ;                 ; no       ; On           ;
; M8       ; 131        ; 3        ; RESERVED_INPUT_WITH_WEAK_PULLUP                           ;        ;              ;         ; Column I/O ;                 ; no       ; On           ;
; M9       ; 140        ; 4        ; RESERVED_INPUT_WITH_WEAK_PULLUP                           ;        ;              ;         ; Column I/O ;                 ; no       ; On           ;
; M10      ; 164        ; 4        ; RESERVED_INPUT_WITH_WEAK_PULLUP                           ;        ;              ;         ; Column I/O ;                 ; no       ; On           ;
; M11      ; 174        ; 4        ; RESERVED_INPUT_WITH_WEAK_PULLUP                           ;        ;              ;         ; Column I/O ;                 ; no       ; On           ;
; M12      ;            ;          ; GNDA4                                                     ; gnd    ;              ;         ; --         ;                 ; --       ; --           ;
; M13      ;            ;          ; GND                                                       ; gnd    ;              ;         ; --         ;                 ; --       ; --           ;
; M14      ;            ; 5        ; VCCIO5                                                    ; power  ;              ; 2.5V    ; --         ;                 ; --       ; --           ;
; M15      ; 224        ; 5        ; GND+                                                      ;        ;              ;         ; Row I/O    ;                 ; --       ; --           ;
; M16      ; 223        ; 5        ; GND+                                                      ;        ;              ;         ; Row I/O    ;                 ; --       ; --           ;
; N1       ; 76         ; 2        ; RESERVED_INPUT_WITH_WEAK_PULLUP                           ;        ;              ;         ; Row I/O    ;                 ; no       ; On           ;
; N2       ; 75         ; 2        ; RESERVED_INPUT_WITH_WEAK_PULLUP                           ;        ;              ;         ; Row I/O    ;                 ; no       ; On           ;
; N3       ; 92         ; 3        ; RESERVED_INPUT_WITH_WEAK_PULLUP                           ;        ;              ;         ; Column I/O ;                 ; no       ; On           ;
; N4       ;            ;          ; VCCD_PLL1                                                 ; power  ;              ; 1.2V    ; --         ;                 ; --       ; --           ;
; N5       ; 104        ; 3        ; RESERVED_INPUT_WITH_WEAK_PULLUP                           ;        ;              ;         ; Column I/O ;                 ; no       ; On           ;
; N6       ; 105        ; 3        ; RESERVED_INPUT_WITH_WEAK_PULLUP                           ;        ;              ;         ; Column I/O ;                 ; no       ; On           ;
; N7       ;            ;          ; GND                                                       ; gnd    ;              ;         ; --         ;                 ; --       ; --           ;
; N8       ; 132        ; 3        ; RESERVED_INPUT_WITH_WEAK_PULLUP                           ;        ;              ;         ; Column I/O ;                 ; no       ; On           ;
; N9       ; 141        ; 4        ; RESERVED_INPUT_WITH_WEAK_PULLUP                           ;        ;              ;         ; Column I/O ;                 ; no       ; On           ;
; N10      ;            ;          ; GND                                                       ; gnd    ;              ;         ; --         ;                 ; --       ; --           ;
; N11      ; 165        ; 4        ; RESERVED_INPUT_WITH_WEAK_PULLUP                           ;        ;              ;         ; Column I/O ;                 ; no       ; On           ;
; N12      ; 155        ; 4        ; RESERVED_INPUT_WITH_WEAK_PULLUP                           ;        ;              ;         ; Column I/O ;                 ; --       ; --           ;
; N13      ;            ;          ; VCCD_PLL4                                                 ; power  ;              ; 1.2V    ; --         ;                 ; --       ; --           ;
; N14      ; 181        ; 5        ; RESERVED_INPUT_WITH_WEAK_PULLUP                           ;        ;              ;         ; Row I/O    ;                 ; no       ; On           ;
; N15      ; 191        ; 5        ; RESERVED_INPUT_WITH_WEAK_PULLUP                           ;        ;              ;         ; Row I/O    ;                 ; no       ; On           ;
; N16      ; 190        ; 5        ; RESERVED_INPUT_WITH_WEAK_PULLUP                           ;        ;              ;         ; Row I/O    ;                 ; no       ; On           ;
; P1       ; 83         ; 2        ; RESERVED_INPUT_WITH_WEAK_PULLUP                           ;        ;              ;         ; Row I/O    ;                 ; no       ; On           ;
; P2       ; 82         ; 2        ; RESERVED_INPUT_WITH_WEAK_PULLUP                           ;        ;              ;         ; Row I/O    ;                 ; no       ; On           ;
; P3       ; 93         ; 3        ; RESERVED_INPUT_WITH_WEAK_PULLUP                           ;        ;              ;         ; Column I/O ;                 ; no       ; On           ;
; P4       ;            ; 3        ; VCCIO3                                                    ; power  ;              ; 2.5V    ; --         ;                 ; --       ; --           ;
; P5       ;            ;          ; GND                                                       ; gnd    ;              ;         ; --         ;                 ; --       ; --           ;
; P6       ; 119        ; 3        ; RESERVED_INPUT_WITH_WEAK_PULLUP                           ;        ;              ;         ; Column I/O ;                 ; --       ; --           ;
; P7       ;            ; 3        ; VCCIO3                                                    ; power  ;              ; 2.5V    ; --         ;                 ; --       ; --           ;
; P8       ; 133        ; 3        ; RESERVED_INPUT_WITH_WEAK_PULLUP                           ;        ;              ;         ; Column I/O ;                 ; no       ; On           ;
; P9       ; 154        ; 4        ; RESERVED_INPUT_WITH_WEAK_PULLUP                           ;        ;              ;         ; Column I/O ;                 ; no       ; On           ;
; P10      ;            ; 4        ; VCCIO4                                                    ; power  ;              ; 2.5V    ; --         ;                 ; --       ; --           ;
; P11      ; 168        ; 4        ; RESERVED_INPUT_WITH_WEAK_PULLUP                           ;        ;              ;         ; Column I/O ;                 ; --       ; --           ;
; P12      ;            ;          ; GND                                                       ; gnd    ;              ;         ; --         ;                 ; --       ; --           ;
; P13      ;            ; 4        ; VCCIO4                                                    ; power  ;              ; 2.5V    ; --         ;                 ; --       ; --           ;
; P14      ; 171        ; 4        ; RESERVED_INPUT_WITH_WEAK_PULLUP                           ;        ;              ;         ; Column I/O ;                 ; no       ; On           ;
; P15      ; 182        ; 5        ; RESERVED_INPUT_WITH_WEAK_PULLUP                           ;        ;              ;         ; Row I/O    ;                 ; no       ; On           ;
; P16      ; 183        ; 5        ; RESERVED_INPUT_WITH_WEAK_PULLUP                           ;        ;              ;         ; Row I/O    ;                 ; no       ; On           ;
; R1       ; 81         ; 2        ; RESERVED_INPUT_WITH_WEAK_PULLUP                           ;        ;              ;         ; Row I/O    ;                 ; no       ; On           ;
; R2       ;            ;          ; GND                                                       ; gnd    ;              ;         ; --         ;                 ; --       ; --           ;
; R3       ; 95         ; 3        ; RESERVED_INPUT_WITH_WEAK_PULLUP                           ;        ;              ;         ; Column I/O ;                 ; no       ; On           ;
; R4       ; 102        ; 3        ; RESERVED_INPUT_WITH_WEAK_PULLUP                           ;        ;              ;         ; Column I/O ;                 ; no       ; On           ;
; R5       ; 121        ; 3        ; RESERVED_INPUT_WITH_WEAK_PULLUP                           ;        ;              ;         ; Column I/O ;                 ; no       ; On           ;
; R6       ; 123        ; 3        ; RESERVED_INPUT_WITH_WEAK_PULLUP                           ;        ;              ;         ; Column I/O ;                 ; no       ; On           ;
; R7       ; 126        ; 3        ; RESERVED_INPUT_WITH_WEAK_PULLUP                           ;        ;              ;         ; Column I/O ;                 ; no       ; On           ;
; R8       ; 134        ; 3        ; GND+                                                      ;        ;              ;         ; Column I/O ;                 ; --       ; --           ;
; R9       ; 136        ; 4        ; GND+                                                      ;        ;              ;         ; Column I/O ;                 ; --       ; --           ;
; R10      ; 143        ; 4        ; RESERVED_INPUT_WITH_WEAK_PULLUP                           ;        ;              ;         ; Column I/O ;                 ; no       ; On           ;
; R11      ; 145        ; 4        ; RESERVED_INPUT_WITH_WEAK_PULLUP                           ;        ;              ;         ; Column I/O ;                 ; no       ; On           ;
; R12      ; 147        ; 4        ; RESERVED_INPUT_WITH_WEAK_PULLUP                           ;        ;              ;         ; Column I/O ;                 ; no       ; On           ;
; R13      ; 156        ; 4        ; RESERVED_INPUT_WITH_WEAK_PULLUP                           ;        ;              ;         ; Column I/O ;                 ; no       ; On           ;
; R14      ; 172        ; 4        ; RESERVED_INPUT_WITH_WEAK_PULLUP                           ;        ;              ;         ; Column I/O ;                 ; no       ; On           ;
; R15      ;            ;          ; GND                                                       ; gnd    ;              ;         ; --         ;                 ; --       ; --           ;
; R16      ; 184        ; 5        ; RESERVED_INPUT_WITH_WEAK_PULLUP                           ;        ;              ;         ; Row I/O    ;                 ; no       ; On           ;
; T1       ;            ; 3        ; VCCIO3                                                    ; power  ;              ; 2.5V    ; --         ;                 ; --       ; --           ;
; T2       ; 101        ; 3        ; RESERVED_INPUT_WITH_WEAK_PULLUP                           ;        ;              ;         ; Column I/O ;                 ; no       ; On           ;
; T3       ; 96         ; 3        ; RESERVED_INPUT_WITH_WEAK_PULLUP                           ;        ;              ;         ; Column I/O ;                 ; --       ; --           ;
; T4       ; 103        ; 3        ; RESERVED_INPUT_WITH_WEAK_PULLUP                           ;        ;              ;         ; Column I/O ;                 ; no       ; On           ;
; T5       ; 122        ; 3        ; RESERVED_INPUT_WITH_WEAK_PULLUP                           ;        ;              ;         ; Column I/O ;                 ; no       ; On           ;
; T6       ; 124        ; 3        ; RESERVED_INPUT_WITH_WEAK_PULLUP                           ;        ;              ;         ; Column I/O ;                 ; no       ; On           ;
; T7       ; 127        ; 3        ; RESERVED_INPUT_WITH_WEAK_PULLUP                           ;        ;              ;         ; Column I/O ;                 ; no       ; On           ;
; T8       ; 135        ; 3        ; GND+                                                      ;        ;              ;         ; Column I/O ;                 ; --       ; --           ;
; T9       ; 137        ; 4        ; GND+                                                      ;        ;              ;         ; Column I/O ;                 ; --       ; --           ;
; T10      ; 144        ; 4        ; RESERVED_INPUT_WITH_WEAK_PULLUP                           ;        ;              ;         ; Column I/O ;                 ; no       ; On           ;
; T11      ; 146        ; 4        ; RESERVED_INPUT_WITH_WEAK_PULLUP                           ;        ;              ;         ; Column I/O ;                 ; no       ; On           ;
; T12      ; 149        ; 4        ; RESERVED_INPUT_WITH_WEAK_PULLUP                           ;        ;              ;         ; Column I/O ;                 ; no       ; On           ;
; T13      ; 157        ; 4        ; RESERVED_INPUT_WITH_WEAK_PULLUP                           ;        ;              ;         ; Column I/O ;                 ; no       ; On           ;
; T14      ; 166        ; 4        ; RESERVED_INPUT_WITH_WEAK_PULLUP                           ;        ;              ;         ; Column I/O ;                 ; no       ; On           ;
; T15      ; 167        ; 4        ; RESERVED_INPUT_WITH_WEAK_PULLUP                           ;        ;              ;         ; Column I/O ;                 ; no       ; On           ;
; T16      ;            ; 4        ; VCCIO4                                                    ; power  ;              ; 2.5V    ; --         ;                 ; --       ; --           ;
+----------+------------+----------+-----------------------------------------------------------+--------+--------------+---------+------------+-----------------+----------+--------------+
Note: Pin directions (input, output or bidir) are based on device operating in user mode.


+--------------------------------------------------------------------------------------------------------------------------------------------------------------------------------------------------------------------------------------------------------------------------------------------------------------------------------------------------------------------------------+
; Fitter Resource Utilization by Entity                                                                                                                                                                                                                                                                                                                                          ;
+--------------------------------------+-------------+---------------------------+---------------+-------------+------+--------------+---------+-----------+------+--------------+--------------+-------------------+------------------+----------------------------------------------------------------------------------------------------+---------------------+--------------+
; Compilation Hierarchy Node           ; Logic Cells ; Dedicated Logic Registers ; I/O Registers ; Memory Bits ; M9Ks ; DSP Elements ; DSP 9x9 ; DSP 18x18 ; Pins ; Virtual Pins ; LUT-Only LCs ; Register-Only LCs ; LUT/Register LCs ; Full Hierarchy Name                                                                                ; Entity Name         ; Library Name ;
+--------------------------------------+-------------+---------------------------+---------------+-------------+------+--------------+---------+-----------+------+--------------+--------------+-------------------+------------------+----------------------------------------------------------------------------------------------------+---------------------+--------------+
; |can_mac_pcs_fce_top                 ; 4608 (1)    ; 869 (0)                   ; 0 (0)         ; 0           ; 0    ; 0            ; 0       ; 0         ; 0    ; 33           ; 3739 (1)     ; 8 (0)             ; 861 (0)          ; |can_mac_pcs_fce_top                                                                               ; can_mac_pcs_fce_top ; work         ;
;    |can_mac_pcs_fce:u_dut|           ; 4607 (0)    ; 869 (0)                   ; 0 (0)         ; 0           ; 0    ; 0            ; 0       ; 0         ; 0    ; 0            ; 3738 (0)     ; 8 (0)             ; 861 (0)          ; |can_mac_pcs_fce_top|can_mac_pcs_fce:u_dut                                                         ; can_mac_pcs_fce     ; work         ;
;       |can_fce:u_fce|                ; 117 (117)   ; 31 (31)                   ; 0 (0)         ; 0           ; 0    ; 0            ; 0       ; 0         ; 0    ; 0            ; 86 (86)      ; 0 (0)             ; 31 (31)          ; |can_mac_pcs_fce_top|can_mac_pcs_fce:u_dut|can_fce:u_fce                                           ; can_fce             ; work         ;
;       |can_mac:u_mac|                ; 4300 (1)    ; 789 (0)                   ; 0 (0)         ; 0           ; 0    ; 0            ; 0       ; 0         ; 0    ; 0            ; 3511 (1)     ; 5 (0)             ; 784 (0)          ; |can_mac_pcs_fce_top|can_mac_pcs_fce:u_dut|can_mac:u_mac                                           ; can_mac             ; work         ;
;          |can_mac_bs:u_can_mac_bs|   ; 31 (31)     ; 12 (12)                   ; 0 (0)         ; 0           ; 0    ; 0            ; 0       ; 0         ; 0    ; 0            ; 19 (19)      ; 0 (0)             ; 12 (12)          ; |can_mac_pcs_fce_top|can_mac_pcs_fce:u_dut|can_mac:u_mac|can_mac_bs:u_can_mac_bs                   ; can_mac_bs          ; work         ;
;          |can_mac_crc:u_can_mac_crc| ; 84 (20)     ; 53 (0)                    ; 0 (0)         ; 0           ; 0    ; 0            ; 0       ; 0         ; 0    ; 0            ; 31 (20)      ; 0 (0)             ; 53 (4)           ; |can_mac_pcs_fce_top|can_mac_pcs_fce:u_dut|can_mac:u_mac|can_mac_crc:u_can_mac_crc                 ; can_mac_crc         ; work         ;
;             |gen_crc:u_crc15|        ; 18 (18)     ; 15 (15)                   ; 0 (0)         ; 0           ; 0    ; 0            ; 0       ; 0         ; 0    ; 0            ; 3 (3)        ; 0 (0)             ; 15 (15)          ; |can_mac_pcs_fce_top|can_mac_pcs_fce:u_dut|can_mac:u_mac|can_mac_crc:u_can_mac_crc|gen_crc:u_crc15 ; gen_crc             ; work         ;
;             |gen_crc:u_crc17|        ; 23 (23)     ; 17 (17)                   ; 0 (0)         ; 0           ; 0    ; 0            ; 0       ; 0         ; 0    ; 0            ; 6 (6)        ; 0 (0)             ; 17 (17)          ; |can_mac_pcs_fce_top|can_mac_pcs_fce:u_dut|can_mac:u_mac|can_mac_crc:u_can_mac_crc|gen_crc:u_crc17 ; gen_crc             ; work         ;
;             |gen_crc:u_crc21|        ; 24 (24)     ; 21 (21)                   ; 0 (0)         ; 0           ; 0    ; 0            ; 0       ; 0         ; 0    ; 0            ; 2 (2)        ; 0 (0)             ; 22 (22)          ; |can_mac_pcs_fce_top|can_mac_pcs_fce:u_dut|can_mac:u_mac|can_mac_crc:u_can_mac_crc|gen_crc:u_crc21 ; gen_crc             ; work         ;
;          |can_mac_fsm:u_can_mac_fsm| ; 4109 (4109) ; 684 (684)                 ; 0 (0)         ; 0           ; 0    ; 0            ; 0       ; 0         ; 0    ; 0            ; 3416 (3416)  ; 4 (4)             ; 689 (689)        ; |can_mac_pcs_fce_top|can_mac_pcs_fce:u_dut|can_mac:u_mac|can_mac_fsm:u_can_mac_fsm                 ; can_mac_fsm         ; work         ;
;          |can_mac_ser:u_can_mac_ser| ; 84 (84)     ; 40 (40)                   ; 0 (0)         ; 0           ; 0    ; 0            ; 0       ; 0         ; 0    ; 0            ; 44 (44)      ; 1 (1)             ; 39 (39)          ; |can_mac_pcs_fce_top|can_mac_pcs_fce:u_dut|can_mac:u_mac|can_mac_ser:u_can_mac_ser                 ; can_mac_ser         ; work         ;
;       |can_pcs:u_pcs|                ; 190 (190)   ; 49 (49)                   ; 0 (0)         ; 0           ; 0    ; 0            ; 0       ; 0         ; 0    ; 0            ; 141 (141)    ; 3 (3)             ; 46 (46)          ; |can_mac_pcs_fce_top|can_mac_pcs_fce:u_dut|can_pcs:u_pcs                                           ; can_pcs             ; work         ;
+--------------------------------------+-------------+---------------------------+---------------+-------------+------+--------------+---------+-----------+------+--------------+--------------+-------------------+------------------+----------------------------------------------------------------------------------------------------+---------------------+--------------+
Note: For table entries with two numbers listed, the numbers in parentheses indicate the number of resources of the given type used by the specific entity alone. The numbers listed outside of parentheses indicate the total resources of the given type used by the specific entity and all of its sub-entities in the hierarchy.


+------------------------------------------------------------------------------------------------------------------------------------------------------------------------------------------------------------------------------------------+
; Control Signals                                                                                                                                                                                                                          ;
+--------------------------------------------------------------------------------------------------+--------------------+---------+-------------------------+--------+----------------------+------------------+---------------------------+
; Name                                                                                             ; Location           ; Fan-Out ; Usage                   ; Global ; Global Resource Used ; Global Line Name ; Enable Signal Source Name ;
+--------------------------------------------------------------------------------------------------+--------------------+---------+-------------------------+--------+----------------------+------------------+---------------------------+
; can_mac_pcs_fce:u_dut|can_fce:u_fce|fce_state~10                                                 ; LCCOMB_X31_Y6_N0   ; 7       ; Sync. clear             ; no     ; --                   ; --               ; --                        ;
; can_mac_pcs_fce:u_dut|can_fce:u_fce|idle_count[4]~4                                              ; LCCOMB_X31_Y6_N22  ; 7       ; Clock enable            ; no     ; --                   ; --               ; --                        ;
; can_mac_pcs_fce:u_dut|can_fce:u_fce|receiver_error_count[2]~35                                   ; LCCOMB_X29_Y7_N6   ; 3       ; Clock enable            ; no     ; --                   ; --               ; --                        ;
; can_mac_pcs_fce:u_dut|can_fce:u_fce|receiver_error_count[4]~30                                   ; LCCOMB_X29_Y7_N30  ; 6       ; Clock enable            ; no     ; --                   ; --               ; --                        ;
; can_mac_pcs_fce:u_dut|can_fce:u_fce|transmitter_error_count[2]~29                                ; LCCOMB_X30_Y8_N10  ; 3       ; Clock enable            ; no     ; --                   ; --               ; --                        ;
; can_mac_pcs_fce:u_dut|can_fce:u_fce|transmitter_error_count[5]~22                                ; LCCOMB_X29_Y6_N30  ; 6       ; Sync. clear             ; no     ; --                   ; --               ; --                        ;
; can_mac_pcs_fce:u_dut|can_fce:u_fce|transmitter_error_count[5]~25                                ; LCCOMB_X30_Y8_N16  ; 6       ; Clock enable            ; no     ; --                   ; --               ; --                        ;
; can_mac_pcs_fce:u_dut|can_fce:u_fce|v_rec_fault8~0                                               ; LCCOMB_X29_Y7_N0   ; 8       ; Sync. load              ; no     ; --                   ; --               ; --                        ;
; can_mac_pcs_fce:u_dut|can_fce:u_fce|v_tec_fault~0                                                ; LCCOMB_X30_Y8_N6   ; 7       ; Sync. load              ; no     ; --                   ; --               ; --                        ;
; can_mac_pcs_fce:u_dut|can_mac:u_mac|can_mac_bs:u_can_mac_bs|bs_o.stuff_bit_count[3]~1            ; LCCOMB_X32_Y8_N24  ; 5       ; Clock enable            ; no     ; --                   ; --               ; --                        ;
; can_mac_pcs_fce:u_dut|can_mac:u_mac|can_mac_bs:u_can_mac_bs|count[0]~5                           ; LCCOMB_X31_Y8_N4   ; 3       ; Clock enable            ; no     ; --                   ; --               ; --                        ;
; can_mac_pcs_fce:u_dut|can_mac:u_mac|can_mac_crc:u_can_mac_crc|gen_crc:u_crc15|crc_r[5]~1         ; LCCOMB_X35_Y15_N6  ; 15      ; Clock enable            ; no     ; --                   ; --               ; --                        ;
; can_mac_pcs_fce:u_dut|can_mac:u_mac|can_mac_crc:u_can_mac_crc|gen_crc:u_crc17|crc_r[10]~0        ; LCCOMB_X35_Y15_N0  ; 38      ; Clock enable            ; no     ; --                   ; --               ; --                        ;
; can_mac_pcs_fce:u_dut|can_mac:u_mac|can_mac_fsm:u_can_mac_fsm|bit_count[4]~64                    ; LCCOMB_X31_Y11_N0  ; 9       ; Clock enable            ; no     ; --                   ; --               ; --                        ;
; can_mac_pcs_fce:u_dut|can_mac:u_mac|can_mac_fsm:u_can_mac_fsm|bit_count[4]~9                     ; LCCOMB_X31_Y11_N14 ; 562     ; Clock enable            ; no     ; --                   ; --               ; --                        ;
; can_mac_pcs_fce:u_dut|can_mac:u_mac|can_mac_fsm:u_can_mac_fsm|bit_index[0]~10                    ; LCCOMB_X26_Y14_N2  ; 3       ; Clock enable            ; no     ; --                   ; --               ; --                        ;
; can_mac_pcs_fce:u_dut|can_mac:u_mac|can_mac_fsm:u_can_mac_fsm|byte_index[1]~28                   ; LCCOMB_X26_Y14_N4  ; 7       ; Sync. clear             ; no     ; --                   ; --               ; --                        ;
; can_mac_pcs_fce:u_dut|can_mac:u_mac|can_mac_fsm:u_can_mac_fsm|byte_index[1]~32                   ; LCCOMB_X26_Y14_N0  ; 7       ; Clock enable            ; no     ; --                   ; --               ; --                        ;
; can_mac_pcs_fce:u_dut|can_mac:u_mac|can_mac_fsm:u_can_mac_fsm|data_len[1]~5                      ; LCCOMB_X31_Y16_N0  ; 9       ; Clock enable            ; no     ; --                   ; --               ; --                        ;
; can_mac_pcs_fce:u_dut|can_mac:u_mac|can_mac_fsm:u_can_mac_fsm|is_transmitter                     ; FF_X29_Y11_N21     ; 94      ; Sync. load              ; no     ; --                   ; --               ; --                        ;
; can_mac_pcs_fce:u_dut|can_mac:u_mac|can_mac_fsm:u_can_mac_fsm|llc_frame_len[0]~2                 ; LCCOMB_X23_Y15_N22 ; 7       ; Clock enable            ; no     ; --                   ; --               ; --                        ;
; can_mac_pcs_fce:u_dut|can_mac:u_mac|can_mac_fsm:u_can_mac_fsm|llc_frame_len~0                    ; LCCOMB_X31_Y9_N2   ; 642     ; Sync. clear, Sync. load ; no     ; --                   ; --               ; --                        ;
; can_mac_pcs_fce:u_dut|can_mac:u_mac|can_mac_fsm:u_can_mac_fsm|mac_ser_o~21                       ; LCCOMB_X30_Y12_N2  ; 2       ; Clock enable            ; no     ; --                   ; --               ; --                        ;
; can_mac_pcs_fce:u_dut|can_mac:u_mac|can_mac_fsm:u_can_mac_fsm|pcs_o~25                           ; LCCOMB_X28_Y12_N10 ; 2       ; Clock enable            ; no     ; --                   ; --               ; --                        ;
; can_mac_pcs_fce:u_dut|can_mac:u_mac|can_mac_fsm:u_can_mac_fsm|state~166                          ; LCCOMB_X29_Y13_N6  ; 3       ; Clock enable            ; no     ; --                   ; --               ; --                        ;
; can_mac_pcs_fce:u_dut|can_mac:u_mac|can_mac_fsm:u_can_mac_fsm|stream_index[0]~12                 ; LCCOMB_X19_Y15_N8  ; 7       ; Clock enable            ; no     ; --                   ; --               ; --                        ;
; can_mac_pcs_fce:u_dut|can_mac:u_mac|can_mac_fsm:u_can_mac_fsm|stream_index[0]~25                 ; LCCOMB_X19_Y15_N2  ; 7       ; Sync. clear             ; no     ; --                   ; --               ; --                        ;
; can_mac_pcs_fce:u_dut|can_mac:u_mac|can_mac_fsm:u_can_mac_fsm|transmitted_bits_shift_reg[2]~11   ; LCCOMB_X29_Y12_N16 ; 8       ; Clock enable            ; no     ; --                   ; --               ; --                        ;
; can_mac_pcs_fce:u_dut|can_mac:u_mac|can_mac_fsm:u_can_mac_fsm|v_skip_case~4                      ; LCCOMB_X30_Y11_N16 ; 33      ; Sync. load              ; no     ; --                   ; --               ; --                        ;
; can_mac_pcs_fce:u_dut|can_mac:u_mac|can_mac_ser:u_can_mac_ser|count[3]~4                         ; LCCOMB_X28_Y8_N16  ; 4       ; Clock enable            ; no     ; --                   ; --               ; --                        ;
; can_mac_pcs_fce:u_dut|can_mac:u_mac|can_mac_ser:u_can_mac_ser|id_bits_remaining[3]~2             ; LCCOMB_X27_Y8_N16  ; 5       ; Clock enable            ; no     ; --                   ; --               ; --                        ;
; can_mac_pcs_fce:u_dut|can_mac:u_mac|can_mac_ser:u_can_mac_ser|llc_frame_buffer[1]~1              ; LCCOMB_X28_Y7_N10  ; 7       ; Clock enable            ; no     ; --                   ; --               ; --                        ;
; can_mac_pcs_fce:u_dut|can_mac:u_mac|can_mac_ser:u_can_mac_ser|padding_bits_remaining[4]~2        ; LCCOMB_X27_Y9_N28  ; 5       ; Clock enable            ; no     ; --                   ; --               ; --                        ;
; can_mac_pcs_fce:u_dut|can_mac:u_mac|can_mac_ser:u_can_mac_ser|tx_mac_fsm_o.llc_metadata.dlc[2]~1 ; LCCOMB_X29_Y9_N22  ; 4       ; Clock enable            ; no     ; --                   ; --               ; --                        ;
; can_mac_pcs_fce:u_dut|can_mac:u_mac|can_mac_ser:u_can_mac_ser|tx_mac_fsm_o.llc_metadata.fdf~1    ; LCCOMB_X29_Y9_N14  ; 5       ; Clock enable            ; no     ; --                   ; --               ; --                        ;
; can_mac_pcs_fce:u_dut|can_pcs:u_pcs|active_sjw[2]~3                                              ; LCCOMB_X36_Y11_N4  ; 3       ; Clock enable            ; no     ; --                   ; --               ; --                        ;
; can_mac_pcs_fce:u_dut|can_pcs:u_pcs|clk_count                                                    ; FF_X33_Y9_N11      ; 16      ; Sync. load              ; no     ; --                   ; --               ; --                        ;
; can_mac_pcs_fce:u_dut|can_pcs:u_pcs|delay_count_tq[4]~13                                         ; LCCOMB_X36_Y12_N28 ; 8       ; Clock enable            ; no     ; --                   ; --               ; --                        ;
; can_mac_pcs_fce:u_dut|can_pcs:u_pcs|delay_count_tq[4]~28                                         ; LCCOMB_X36_Y12_N30 ; 8       ; Sync. clear             ; no     ; --                   ; --               ; --                        ;
; can_mac_pcs_fce:u_dut|can_pcs:u_pcs|mac_o.tdc_delay[0]~0                                         ; LCCOMB_X32_Y11_N28 ; 3       ; Clock enable            ; no     ; --                   ; --               ; --                        ;
; can_mac_pcs_fce:u_dut|can_pcs:u_pcs|phase1_extension[1]~5                                        ; LCCOMB_X36_Y11_N20 ; 3       ; Clock enable            ; no     ; --                   ; --               ; --                        ;
; can_mac_pcs_fce:u_dut|can_pcs:u_pcs|phase2_shortening[2]~0                                       ; LCCOMB_X33_Y9_N0   ; 16      ; Clock enable            ; no     ; --                   ; --               ; --                        ;
; can_mac_pcs_fce:u_dut|can_pcs:u_pcs|recessive_counter[3]~1                                       ; LCCOMB_X35_Y8_N12  ; 4       ; Clock enable            ; no     ; --                   ; --               ; --                        ;
; can_mac_pcs_fce:u_dut|can_pcs:u_pcs|tdc_delay[0]~8                                               ; LCCOMB_X35_Y9_N30  ; 3       ; Clock enable            ; no     ; --                   ; --               ; --                        ;
; clk_i                                                                                            ; LCCOMB_X22_Y1_N24  ; 869     ; Clock                   ; yes    ; Global Clock         ; GCLK19           ; --                        ;
; reset_i                                                                                          ; LCCOMB_X30_Y6_N18  ; 153     ; Sync. clear, Sync. load ; no     ; --                   ; --               ; --                        ;
+--------------------------------------------------------------------------------------------------+--------------------+---------+-------------------------+--------+----------------------+------------------+---------------------------+


+--------------------------------------------------------------------------------------------------------------------------------------------------+
; Global & Other Fast Signals                                                                                                                      ;
+-------+-------------------+---------+--------------------------------------+----------------------+------------------+---------------------------+
; Name  ; Location          ; Fan-Out ; Fan-Out Using Intentional Clock Skew ; Global Resource Used ; Global Line Name ; Enable Signal Source Name ;
+-------+-------------------+---------+--------------------------------------+----------------------+------------------+---------------------------+
; clk_i ; LCCOMB_X22_Y1_N24 ; 869     ; 537                                  ; Global Clock         ; GCLK19           ; --                        ;
+-------+-------------------+---------+--------------------------------------+----------------------+------------------+---------------------------+


+---------------------------------------------------------------------------------------------+
; Non-Global High Fan-Out Signals                                                             ;
+-----------------------------------------------------------------------------------+---------+
; Name                                                                              ; Fan-Out ;
+-----------------------------------------------------------------------------------+---------+
; can_mac_pcs_fce:u_dut|can_mac:u_mac|can_mac_fsm:u_can_mac_fsm|state.s_arbitration ; 1157    ;
; can_mac_pcs_fce:u_dut|can_mac:u_mac|can_mac_fsm:u_can_mac_fsm|state.s_data        ; 1148    ;
; can_mac_pcs_fce:u_dut|can_mac:u_mac|can_mac_fsm:u_can_mac_fsm|llc_frame_len~0     ; 642     ;
; can_mac_pcs_fce:u_dut|can_pcs:u_pcs|mac_o.rx_data                                 ; 637     ;
; can_mac_pcs_fce:u_dut|can_mac:u_mac|can_mac_fsm:u_can_mac_fsm|bit_count[4]~9      ; 562     ;
; can_mac_pcs_fce:u_dut|can_mac:u_mac|can_mac_fsm:u_can_mac_fsm|Selector602~2       ; 549     ;
+-----------------------------------------------------------------------------------+---------+


+-------------------------------------------------+
; Routing Usage Summary                           ;
+-----------------------+-------------------------+
; Routing Resource Type ; Usage                   ;
+-----------------------+-------------------------+
; Block interconnects   ; 6,497 / 47,787 ( 14 % ) ;
; C16 interconnects     ; 45 / 1,804 ( 2 % )      ;
; C4 interconnects      ; 2,919 / 31,272 ( 9 % )  ;
; Direct links          ; 545 / 47,787 ( 1 % )    ;
; Global clocks         ; 1 / 20 ( 5 % )          ;
; Local interconnects   ; 3,267 / 15,408 ( 21 % ) ;
; R24 interconnects     ; 72 / 1,775 ( 4 % )      ;
; R4 interconnects      ; 3,056 / 41,310 ( 7 % )  ;
+-----------------------+-------------------------+


+-----------------------------------------------------------------------------+
; LAB Logic Elements                                                          ;
+---------------------------------------------+-------------------------------+
; Number of Logic Elements  (Average = 14.02) ; Number of LABs  (Total = 331) ;
+---------------------------------------------+-------------------------------+
; 1                                           ; 11                            ;
; 2                                           ; 6                             ;
; 3                                           ; 8                             ;
; 4                                           ; 3                             ;
; 5                                           ; 1                             ;
; 6                                           ; 1                             ;
; 7                                           ; 4                             ;
; 8                                           ; 2                             ;
; 9                                           ; 5                             ;
; 10                                          ; 7                             ;
; 11                                          ; 5                             ;
; 12                                          ; 2                             ;
; 13                                          ; 5                             ;
; 14                                          ; 9                             ;
; 15                                          ; 49                            ;
; 16                                          ; 213                           ;
+---------------------------------------------+-------------------------------+


+--------------------------------------------------------------------+
; LAB-wide Signals                                                   ;
+------------------------------------+-------------------------------+
; LAB-wide Signals  (Average = 2.17) ; Number of LABs  (Total = 331) ;
+------------------------------------+-------------------------------+
; 1 Clock                            ; 268                           ;
; 1 Clock enable                     ; 213                           ;
; 1 Sync. clear                      ; 216                           ;
; 1 Sync. load                       ; 16                            ;
; 2 Clock enables                    ; 6                             ;
+------------------------------------+-------------------------------+


+------------------------------------------------------------------------------+
; LAB Signals Sourced                                                          ;
+----------------------------------------------+-------------------------------+
; Number of Signals Sourced  (Average = 16.58) ; Number of LABs  (Total = 331) ;
+----------------------------------------------+-------------------------------+
; 0                                            ; 6                             ;
; 1                                            ; 7                             ;
; 2                                            ; 8                             ;
; 3                                            ; 4                             ;
; 4                                            ; 3                             ;
; 5                                            ; 1                             ;
; 6                                            ; 2                             ;
; 7                                            ; 3                             ;
; 8                                            ; 0                             ;
; 9                                            ; 3                             ;
; 10                                           ; 5                             ;
; 11                                           ; 1                             ;
; 12                                           ; 3                             ;
; 13                                           ; 5                             ;
; 14                                           ; 8                             ;
; 15                                           ; 6                             ;
; 16                                           ; 28                            ;
; 17                                           ; 20                            ;
; 18                                           ; 55                            ;
; 19                                           ; 99                            ;
; 20                                           ; 42                            ;
; 21                                           ; 4                             ;
; 22                                           ; 6                             ;
; 23                                           ; 4                             ;
; 24                                           ; 2                             ;
; 25                                           ; 2                             ;
; 26                                           ; 3                             ;
; 27                                           ; 0                             ;
; 28                                           ; 1                             ;
+----------------------------------------------+-------------------------------+


+---------------------------------------------------------------------------------+
; LAB Signals Sourced Out                                                         ;
+-------------------------------------------------+-------------------------------+
; Number of Signals Sourced Out  (Average = 4.86) ; Number of LABs  (Total = 331) ;
+-------------------------------------------------+-------------------------------+
; 0                                               ; 6                             ;
; 1                                               ; 44                            ;
; 2                                               ; 40                            ;
; 3                                               ; 59                            ;
; 4                                               ; 62                            ;
; 5                                               ; 24                            ;
; 6                                               ; 14                            ;
; 7                                               ; 12                            ;
; 8                                               ; 9                             ;
; 9                                               ; 14                            ;
; 10                                              ; 10                            ;
; 11                                              ; 14                            ;
; 12                                              ; 4                             ;
; 13                                              ; 8                             ;
; 14                                              ; 3                             ;
; 15                                              ; 3                             ;
; 16                                              ; 5                             ;
+-------------------------------------------------+-------------------------------+


+------------------------------------------------------------------------------+
; LAB Distinct Inputs                                                          ;
+----------------------------------------------+-------------------------------+
; Number of Distinct Inputs  (Average = 17.91) ; Number of LABs  (Total = 331) ;
+----------------------------------------------+-------------------------------+
; 0                                            ; 0                             ;
; 1                                            ; 3                             ;
; 2                                            ; 1                             ;
; 3                                            ; 5                             ;
; 4                                            ; 5                             ;
; 5                                            ; 1                             ;
; 6                                            ; 8                             ;
; 7                                            ; 4                             ;
; 8                                            ; 6                             ;
; 9                                            ; 3                             ;
; 10                                           ; 5                             ;
; 11                                           ; 2                             ;
; 12                                           ; 4                             ;
; 13                                           ; 6                             ;
; 14                                           ; 24                            ;
; 15                                           ; 31                            ;
; 16                                           ; 26                            ;
; 17                                           ; 20                            ;
; 18                                           ; 21                            ;
; 19                                           ; 30                            ;
; 20                                           ; 18                            ;
; 21                                           ; 12                            ;
; 22                                           ; 19                            ;
; 23                                           ; 7                             ;
; 24                                           ; 11                            ;
; 25                                           ; 8                             ;
; 26                                           ; 3                             ;
; 27                                           ; 2                             ;
; 28                                           ; 9                             ;
; 29                                           ; 5                             ;
; 30                                           ; 8                             ;
; 31                                           ; 2                             ;
; 32                                           ; 5                             ;
; 33                                           ; 1                             ;
; 34                                           ; 2                             ;
; 35                                           ; 6                             ;
; 36                                           ; 2                             ;
+----------------------------------------------+-------------------------------+


+---------------------------------------------------------------------------------------------+
; Fitter Device Options                                                                       ;
+------------------------------------------------------------------+--------------------------+
; Option                                                           ; Setting                  ;
+------------------------------------------------------------------+--------------------------+
; Enable user-supplied start-up clock (CLKUSR)                     ; Off                      ;
; Enable device-wide reset (DEV_CLRn)                              ; Off                      ;
; Enable device-wide output enable (DEV_OE)                        ; Off                      ;
; Enable INIT_DONE output                                          ; Off                      ;
; Configuration scheme                                             ; Active Serial            ;
; Error detection CRC                                              ; Off                      ;
; Enable open drain on CRC_ERROR pin                               ; Off                      ;
; Enable input tri-state on active configuration pins in user mode ; Off                      ;
; Configuration Voltage Level                                      ; Auto                     ;
; Force Configuration Voltage Level                                ; Off                      ;
; nCEO                                                             ; As output driving ground ;
; Data[0]                                                          ; As input tri-stated      ;
; Data[1]/ASDO                                                     ; As input tri-stated      ;
; Data[7..2]                                                       ; Unreserved               ;
; FLASH_nCE/nCSO                                                   ; As input tri-stated      ;
; Other Active Parallel pins                                       ; Unreserved               ;
; DCLK                                                             ; As output driving ground ;
+------------------------------------------------------------------+--------------------------+


+------------------------------------+
; Operating Settings and Conditions  ;
+---------------------------+--------+
; Setting                   ; Value  ;
+---------------------------+--------+
; Nominal Core Voltage      ; 1.20 V ;
; Low Junction Temperature  ; -40 °C ;
; High Junction Temperature ; 100 °C ;
+---------------------------+--------+


+------------------------------------------------------------+
; Estimated Delay Added for Hold Timing Summary              ;
+-----------------+----------------------+-------------------+
; Source Clock(s) ; Destination Clock(s) ; Delay Added in ns ;
+-----------------+----------------------+-------------------+
; I/O             ; clk                  ; 3.5               ;
+-----------------+----------------------+-------------------+
Note: For more information on problematic transfers, consider running the Fitter again with the Optimize hold timing option (Settings Menu) turned off.
This will disable optimization of problematic paths and expose them for further analysis using the Timing Analyzer.


+---------------------------------------------------------------------------------------------------------------------------------------------------------------------------------+
; Estimated Delay Added for Hold Timing Details                                                                                                                                   ;
+-------------------------------------------------------------------------+-----------------------------------------------------------------------------------+-------------------+
; Source Register                                                         ; Destination Register                                                              ; Delay Added in ns ;
+-------------------------------------------------------------------------+-----------------------------------------------------------------------------------+-------------------+
; tx_llc_data_i[1]                                                        ; can_mac_pcs_fce:u_dut|can_mac:u_mac|can_mac_ser:u_can_mac_ser|llc_frame_buffer[1] ; 0.437             ;
; tx_llc_data_i[3]                                                        ; can_mac_pcs_fce:u_dut|can_mac:u_mac|can_mac_ser:u_can_mac_ser|llc_frame_buffer[3] ; 0.437             ;
; tx_llc_data_i[6]                                                        ; can_mac_pcs_fce:u_dut|can_mac:u_mac|can_mac_ser:u_can_mac_ser|llc_frame_buffer[6] ; 0.437             ;
; tx_llc_data_i[4]                                                        ; can_mac_pcs_fce:u_dut|can_mac:u_mac|can_mac_ser:u_can_mac_ser|llc_frame_buffer[4] ; 0.404             ;
; fce_normal_mode_i                                                       ; can_mac_pcs_fce:u_dut|can_fce:u_fce|mac_o.bus_off                                 ; 0.202             ;
; can_mac_pcs_fce:u_dut|can_fce:u_fce|idle_count[6]                       ; can_mac_pcs_fce:u_dut|can_fce:u_fce|mac_o.bus_off                                 ; 0.202             ;
; can_mac_pcs_fce:u_dut|can_fce:u_fce|idle_count[5]                       ; can_mac_pcs_fce:u_dut|can_fce:u_fce|mac_o.bus_off                                 ; 0.202             ;
; can_mac_pcs_fce:u_dut|can_fce:u_fce|idle_count[4]                       ; can_mac_pcs_fce:u_dut|can_fce:u_fce|mac_o.bus_off                                 ; 0.202             ;
; can_mac_pcs_fce:u_dut|can_fce:u_fce|idle_count[3]                       ; can_mac_pcs_fce:u_dut|can_fce:u_fce|mac_o.bus_off                                 ; 0.202             ;
; can_mac_pcs_fce:u_dut|can_fce:u_fce|idle_count[1]                       ; can_mac_pcs_fce:u_dut|can_fce:u_fce|mac_o.bus_off                                 ; 0.202             ;
; can_mac_pcs_fce:u_dut|can_fce:u_fce|idle_count[0]                       ; can_mac_pcs_fce:u_dut|can_fce:u_fce|mac_o.bus_off                                 ; 0.202             ;
; can_mac_pcs_fce:u_dut|can_fce:u_fce|idle_count[7]                       ; can_mac_pcs_fce:u_dut|can_fce:u_fce|mac_o.bus_off                                 ; 0.202             ;
; can_mac_pcs_fce:u_dut|can_fce:u_fce|idle_count[2]                       ; can_mac_pcs_fce:u_dut|can_fce:u_fce|mac_o.bus_off                                 ; 0.202             ;
; can_mac_pcs_fce:u_dut|can_fce:u_fce|fce_state.s_bus_off                 ; can_mac_pcs_fce:u_dut|can_fce:u_fce|mac_o.bus_off                                 ; 0.202             ;
; reset_i                                                                 ; can_mac_pcs_fce:u_dut|can_pcs:u_pcs|mac_o.rx_data                                 ; 0.177             ;
; tx_llc_data_i[0]                                                        ; can_mac_pcs_fce:u_dut|can_mac:u_mac|can_mac_ser:u_can_mac_ser|llc_frame_buffer[0] ; 0.155             ;
; tx_llc_data_i[7]                                                        ; can_mac_pcs_fce:u_dut|can_mac:u_mac|can_mac_ser:u_can_mac_ser|tx_mac_fsm_o.data   ; 0.155             ;
; tx_llc_data_i[2]                                                        ; can_mac_pcs_fce:u_dut|can_mac:u_mac|can_mac_ser:u_can_mac_ser|llc_frame_buffer[2] ; 0.108             ;
; tx_llc_data_i[5]                                                        ; can_mac_pcs_fce:u_dut|can_mac:u_mac|can_mac_ser:u_can_mac_ser|llc_frame_buffer[5] ; 0.108             ;
; can_mac_pcs_fce:u_dut|can_mac:u_mac|can_mac_fsm:u_can_mac_fsm|bs_o.data ; can_mac_pcs_fce:u_dut|can_mac:u_mac|can_mac_bs:u_can_mac_bs|last_polarity         ; 0.027             ;
+-------------------------------------------------------------------------+-----------------------------------------------------------------------------------+-------------------+
Note: This table only shows the top 20 path(s) that have the largest delay added for hold.


+-----------------+
; Fitter Messages ;
+-----------------+
Warning (18236): Number of processors has not been specified which may cause overloading on shared machines.  Set the global assignment NUM_PARALLEL_PROCESSORS in your QSF to an appropriate value for best performance.
Info (20030): Parallel compilation is enabled and will use 16 of the 16 processors detected
Info (119006): Selected device 10CL016YU256I7G for design "can_mac_pcs_fce"
Info (21077): Low junction temperature is -40 degrees C
Info (21077): High junction temperature is 100 degrees C
Info (171003): Fitter is performing an Auto Fit compilation, which may decrease Fitter effort to reduce compilation time
Info (176444): Device migration not selected. If you intend to use device migration later, you may need to change the pin assignments as they may be incompatible with other devices
    Info (176445): Device 10CL006YU256A7G is compatible
    Info (176445): Device 10CL006YU256I7G is compatible
    Info (176445): Device 10CL010YU256A7G is compatible
    Info (176445): Device 10CL010YU256I7G is compatible
    Info (176445): Device 10CL016YU256A7G is compatible
    Info (176445): Device 10CL025YU256A7G is compatible
    Info (176445): Device 10CL025YU256I7G is compatible
Info (169124): Fitter converted 5 user pins into dedicated programming pins
    Info (169125): Pin ~ALTERA_ASDO_DATA1~ is reserved at location C1
    Info (169125): Pin ~ALTERA_FLASH_nCE_nCSO~ is reserved at location D2
    Info (169125): Pin ~ALTERA_DCLK~ is reserved at location H1
    Info (169125): Pin ~ALTERA_DATA0~ is reserved at location H2
    Info (169125): Pin ~ALTERA_nCEO~ is reserved at location F16
Info (332104): Reading SDC File: 'can_mac_pcs_fce.sdc'
Info (332151): Clock uncertainty is not calculated until you update the timing netlist.
Info (332154): The derive_clock_uncertainty command did not apply clock uncertainty to any clock-to-clock transfers.
Info (332129): Detected timing requirements -- optimizing circuit to achieve only the specified requirements
Info (332111): Found 1 clocks
    Info (332111):   Period   Clock Name
    Info (332111): ======== ============
    Info (332111):    6.000          clk
Info (176353): Automatically promoted node clk_i  File: C:/git_folder/triton_func/modules/ip_lib/can_bus_controller_fd/devel/syn/top.vhd Line: 27
    Info (176355): Automatically promoted destinations to use location or clock signal Global Clock
Info (176233): Starting register packing
Info (176235): Finished register packing
    Extra Info (176219): No registers were packed into other blocks
Info (171121): Fitter preparation operations ending: elapsed time is 00:00:02
Info (14896): Fitter has disabled Advanced Physical Optimization because it is not supported for the current family.
Info (170189): Fitter placement preparation operations beginning
Info (170190): Fitter placement preparation operations ending: elapsed time is 00:00:00
Info (170191): Fitter placement operations beginning
Info (170137): Fitter placement was successful
Info (170192): Fitter placement operations ending: elapsed time is 00:00:05
Info (170193): Fitter routing operations beginning
Info (170195): Router estimated average interconnect usage is 6% of the available device resources
    Info (170196): Router estimated peak interconnect usage is 22% of the available device resources in the region that extends from location X21_Y10 to location X30_Y19
Info (170199): The Fitter performed an Auto Fit compilation.  Optimizations were skipped to reduce compilation time.
    Info (170201): Optimizations that may affect the design's routability were skipped
Info (170194): Fitter routing operations ending: elapsed time is 00:00:06
Info (11888): Total time spent on timing analysis during the Fitter is 1.72 seconds.
Info (334003): Started post-fitting delay annotation
Info (334004): Delay annotation completed successfully
Info (334003): Started post-fitting delay annotation
Info (334004): Delay annotation completed successfully
Info (11218): Fitter post-fit operations ending: elapsed time is 00:00:01
Info (144001): Generated suppressed messages file C:/git_folder/triton_func/modules/ip_lib/can_bus_controller_fd/devel/syn/output_files/can_mac_pcs_fce.fit.smsg
Info: Quartus Prime Fitter was successful. 0 errors, 1 warning
    Info: Peak virtual memory: 6662 megabytes
    Info: Processing ended: Mon May 18 15:02:04 2026
    Info: Elapsed time: 00:00:19
    Info: Total CPU time (on all processors): 00:00:37


+----------------------------+
; Fitter Suppressed Messages ;
+----------------------------+
The suppressed messages can be found in C:/git_folder/triton_func/modules/ip_lib/can_bus_controller_fd/devel/syn/output_files/can_mac_pcs_fce.fit.smsg.


